kind,site,date,t_ms,lat,lon,sat,sza,vza,scene_score,detected,plume_px,u,v,u10,q_kgph,dB12,dB11,dVisNIR,spectral_ok,elong,axis_vs_wind,aligned,src_dist_m,wind_angle,at_source_downwind,tier,surface_kind
landfill,Ghazipur,2024-05-08,1715146864325,28.6247,77.3272,Sentinel-2B,18.6519441448147,5.84379465731372,0.439,False,0,,,,,,,,False,,,False,,,False,-,
landfill,Ghazipur,2024-05-13,1715578866634,28.6247,77.3272,Sentinel-2A,17.8270076280303,5.85362276079268,0.386,False,0,,,,,,,,False,,,False,,,False,-,
landfill,Ghazipur,2024-05-18,1716010861919,28.6247,77.3272,Sentinel-2B,17.1980575197317,5.75930177919578,0.738,False,304,,,,,,,,False,,,False,,,False,-,
landfill,Ghazipur,2024-05-23,1716442862528,28.6247,77.3272,Sentinel-2A,16.7209052852162,5.72951441687008,0.69,False,59,,,,,,,,False,,,False,,,False,-,
landfill,Ghazipur,2024-05-28,1716874863369,28.6247,77.3272,Sentinel-2B,16.4024334194119,5.79490617097699,0.797,False,58,,,,,,,,False,,,False,,,False,-,
landfill,Ghazipur,2024-06-02,1717306867501,28.6247,77.3272,Sentinel-2A,16.2179500742641,5.85070439274351,0.372,False,0,,,,,,,,False,,,False,,,False,-,
landfill,Ghazipur,2024-06-07,1717738866328,28.6247,77.3272,Sentinel-2B,16.179428158952,5.85549743089811,0.536,False,16,,,,,,,,False,,,False,,,False,-,
landfill,Ghazipur,2024-06-12,1718170869621,28.6247,77.3272,Sentinel-2A,16.2308348958206,5.90280023379322,0.514,False,30,,,,,,,,False,,,False,,,False,-,
landfill,Ghazipur,2024-06-17,1718602866250,28.6247,77.3272,Sentinel-2B,16.3915009591884,5.83196889758658,0.671,False,226,,,,,,,,False,,,False,,,False,-,
landfill,Ghazipur,2024-06-22,1719034868149,28.6247,77.3272,Sentinel-2A,16.601856192058,5.85071667245834,0.615,False,55,,,,,,,,False,,,False,,,False,-,
landfill,Ghazipur,2024-09-20,1726810864558,28.6247,77.3272,Sentinel-2A,31.2355063943319,5.83568095233254,0.317,False,0,,,,,,,,False,,,False,,,False,-,
landfill,Ghazipur,2024-09-30,1727674865638,28.6247,77.3272,Sentinel-2A,34.3990428491687,5.86579990808039,0.431,False,0,,,,,,,,False,,,False,,,False,-,
landfill,Ghazipur,2024-10-05,1728106864321,28.6247,77.3272,Sentinel-2B,36.0412779329118,5.85850426271818,0.812,False,405,,,,,,,,False,,,False,,,False,-,
landfill,Ghazipur,2024-10-10,1728538860636,28.6247,77.3272,Sentinel-2A,37.704135340614,5.73435973516998,0.387,False,0,,,,,,,,False,,,False,,,False,-,
landfill,Ghazipur,2024-10-15,1728970863196,28.6247,77.3272,Sentinel-2B,39.3594254825499,5.83153340026374,0.334,False,0,,,,,,,,False,,,False,,,False,-,
landfill,Ghazipur,2024-10-20,1729402863490,28.6247,77.3272,Sentinel-2A,41.0043838409224,5.82518531340613,0.445,False,0,,,,,,,,False,,,False,,,False,-,
landfill,Ghazipur,2024-10-25,1729834864291,28.6247,77.3272,Sentinel-2B,42.6209835239269,5.88271403706891,0.295,False,0,,,,,,,,False,,,False,,,False,-,
landfill,Ghazipur,2024-10-30,1730266864025,28.6247,77.3272,Sentinel-2A,44.1950612059361,5.85956038689397,0.282,False,0,,,,,,,,False,,,False,,,False,-,
landfill,Ghazipur,2024-11-04,1730698860339,28.6247,77.3272,Sentinel-2B,45.7123619849222,5.78784393119467,0.262,False,0,,,,,,,,False,,,False,,,False,-,
landfill,Ghazipur,2024-11-09,1731130860892,28.6247,77.3272,Sentinel-2A,47.1474655138773,5.76186670201065,0.386,False,0,,,,,,,,False,,,False,,,False,-,
landfill,Ghazipur,2024-11-24,1732426864567,28.6247,77.3272,Sentinel-2B,50.8368129287135,5.86966862157572,0.473,False,0,,,,,,,,False,,,False,,,False,-,
landfill,Ghazipur,2024-11-29,1732858862194,28.6247,77.3272,Sentinel-2A,51.821550712467,5.76051739608829,0.46,False,0,,,,,,,,False,,,False,,,False,-,
landfill,Ghazipur,2024-12-04,1733290863990,28.6247,77.3272,Sentinel-2B,52.6562108149024,5.82535177363519,0.319,False,0,,,,,,,,False,,,False,,,False,-,
landfill,Ghazipur,2024-12-09,1733722864681,28.6247,77.3272,Sentinel-2A,53.3351105881039,5.8323123084407,0.399,False,0,,,,,,,,False,,,False,,,False,-,
landfill,Ghazipur,2024-12-14,1734154864794,28.6247,77.3272,Sentinel-2B,53.848656639062,5.82375299518936,0.322,False,0,,,,,,,,False,,,False,,,False,-,
landfill,Ghazipur,2024-12-19,1734586862539,28.6247,77.3272,Sentinel-2A,54.1927810951788,5.77729227500906,0.422,False,0,,,,,,,,False,,,False,,,False,-,
landfill,Ghazipur,2024-12-29,1735450864495,28.6247,77.3272,Sentinel-2A,54.3391760273823,5.84186537760651,0.299,False,0,,,,,,,,False,,,False,,,False,-,
landfill,Ghazipur,2025-01-13,1736746862824,28.6247,77.3272,Sentinel-2B,53.2067243365043,5.7720788726697,0.602,False,157,,,,,,,,False,,,False,,,False,-,
landfill,Ghazipur,2025-01-23,1737610865067,28.6247,77.3272,Sentinel-2B,51.5768174707937,5.80288140638022,0.428,False,0,,,,,,,,False,,,False,,,False,-,
landfill,Ghazipur,2025-01-28,1738042891272,28.6247,77.3272,Sentinel-2C,50.4820657027429,5.81842910190389,0.773,False,94,,,,,,,,False,,,False,,,False,-,
landfill,Ghazipur,2025-02-02,1738474865957,28.6247,77.3272,Sentinel-2B,49.3208765389585,5.81913040395034,0.262,False,0,,,,,,,,False,,,False,,,False,-,
landfill,Ghazipur,2025-02-07,1738906890210,28.6247,77.3272,Sentinel-2C,47.9434316455008,5.81640080069567,0.548,False,29,,,,,,,,False,,,False,,,False,-,
landfill,Ghazipur,2025-02-22,1740202863981,28.6247,77.3272,Sentinel-2B,43.2915633184148,5.81375353098582,0.343,False,0,,,,,,,,False,,,False,,,False,-,
landfill,Ghazipur,2025-03-04,1741066866685,28.6247,77.3272,Sentinel-2B,39.7517160123154,5.87243757856152,0.312,False,0,,,,,,,,False,,,False,,,False,-,
landfill,Ghazipur,2025-03-09,1741498887224,28.6247,77.3272,Sentinel-2C,37.8626712973508,5.80126481582195,0.334,False,0,,,,,,,,False,,,False,,,False,-,
landfill,Ghazipur,2025-03-14,1741930865218,28.6247,77.3272,Sentinel-2B,36.0309499504767,5.82872975110024,0.729,False,214,,,,,,,,False,,,False,,,False,-,
landfill,Ghazipur,2025-03-19,1742362887134,28.6247,77.3272,Sentinel-2C,34.0973217680157,5.83827492181771,0.448,False,0,,,,,,,,False,,,False,,,False,-,
landfill,Ghazipur,2025-03-24,1742794866496,28.6247,77.3272,Sentinel-2B,32.261287814952,5.86293668330893,0.464,False,0,,,,,,,,False,,,False,,,False,-,
landfill,Ghazipur,2025-03-31,1743399673490,28.6247,77.3272,Sentinel-2A,29.6597756546653,5.74838208927861,0.368,False,0,,,,,,,,False,,,False,,,False,-,
landfill,Ghazipur,2025-04-03,1743658862212,28.6247,77.3272,Sentinel-2B,28.6056649549392,5.75296637866316,0.399,False,0,,,,,,,,False,,,False,,,False,-,
landfill,Ghazipur,2025-04-08,1744090886468,28.6247,77.3272,Sentinel-2C,26.7981036533986,5.84408883825964,0.684,False,173,,,,,,,,False,,,False,,,False,-,
landfill,Ghazipur,2025-04-13,1744522866204,28.6247,77.3272,Sentinel-2B,25.1795820982763,5.85845328228999,0.305,False,0,,,,,,,,False,,,False,,,False,-,
landfill,Ghazipur,2025-04-18,1744954884209,28.6247,77.3272,Sentinel-2C,23.5644490126876,5.80944133357151,0.411,False,0,,,,,,,,False,,,False,,,False,-,
landfill,Ghazipur,2025-04-20,1745127676870,28.6247,77.3272,Sentinel-2A,22.9881275298591,5.87052220022566,0.326,False,0,,,,,,,,False,,,False,,,False,-,
landfill,Ghazipur,2025-04-23,1745386864501,28.6247,77.3272,Sentinel-2B,22.1668708831212,5.83102180226687,0.782,False,420,,,,,,,,False,,,False,,,False,-,
landfill,Ghazipur,2025-04-28,1745818885589,28.6247,77.3272,Sentinel-2C,20.7943235430211,5.87335105371049,0.852,True,174,-1.4438629150390625,3.2129058837890625,3.5224287552073323,18441.0,-0.1376,-0.0542,0.0673,True,14.4,59.0,False,714.0,31.0,False,T3,burn scar / smoke-like
landfill,Ghazipur,2025-05-10,1746855676157,28.6247,77.3272,Sentinel-2A,18.3061703198304,5.79335767781903,0.327,False,0,,,,,,,,False,,,False,,,False,-,
landfill,Ghazipur,2025-05-13,1747114864291,28.6247,77.3272,Sentinel-2B,17.8670837212108,5.87839272985576,0.5,False,11,,,,,,,,False,,,False,,,False,-,
landfill,Ghazipur,2025-05-18,1747546880784,28.6247,77.3272,Sentinel-2C,17.1595025013794,5.77206429147198,0.323,False,0,,,,,,,,False,,,False,,,False,-,
landfill,Ghazipur,2025-05-23,1747978864712,28.6247,77.3272,Sentinel-2B,16.7293072124985,5.85452548164054,0.448,False,0,,,,,,,,False,,,False,,,False,-,
landfill,Ghazipur,2025-06-02,1748842864326,28.6247,77.3272,Sentinel-2B,16.2349217461372,5.82550600316405,0.374,False,0,,,,,,,,False,,,False,,,False,-,
landfill,Ghazipur,2025-06-07,1749274883977,28.6247,77.3272,Sentinel-2C,16.1161800910093,5.83511268661792,0.727,False,276,,,,,,,,False,,,False,,,False,-,
landfill,Ghazipur,2025-06-12,1749706861490,28.6247,77.3272,Sentinel-2B,16.2515387572656,5.72551137148683,0.901,True,225,-2.8426361083984375,1.9303665161132812,3.4361162569537633,15183.0,-0.0788,-0.0503,0.0372,False,5.4,57.0,False,744.0,21.0,False,T3,SWIR darkening (moisture / leachate / fresh cover)
landfill,Ghazipur,2025-09-25,1758778878495,28.6247,77.3272,Sentinel-2C,32.6999813694311,5.81173473587395,0.515,False,28,,,,,,,,False,,,False,,,False,-,
landfill,Ghazipur,2025-10-10,1760074861883,28.6247,77.3272,Sentinel-2B,37.6239052110935,5.78379656666331,0.546,False,131,,,,,,,,False,,,False,,,False,-,
landfill,Ghazipur,2025-10-15,1760506874678,28.6247,77.3272,Sentinel-2C,39.2660551694061,5.74351648016938,0.653,False,344,,,,,,,,False,,,False,,,False,-,
landfill,Ghazipur,2025-10-17,1760679677498,28.6247,77.3272,Sentinel-2A,39.9243356268403,5.80029720276764,0.462,False,0,,,,,,,,False,,,False,,,False,-,
landfill,Ghazipur,2025-10-20,1760938863667,28.6247,77.3272,Sentinel-2B,40.9292134764301,5.83457403226805,0.858,True,190,-1.3077545166015625,0.047725677490234375,1.3086250861051412,,-0.097,-0.0752,0.1073,False,3.2,63.0,False,50.0,83.0,False,T3,burn scar / smoke-like
landfill,Ghazipur,2025-10-25,1761370876244,28.6247,77.3272,Sentinel-2C,42.5346248886298,5.81529467795348,0.498,False,10,,,,,,,,False,,,False,,,False,-,
landfill,Ghazipur,2025-11-06,1762407679687,28.6247,77.3272,Sentinel-2A,46.2069856371413,5.79059208885692,0.725,False,338,,,,,,,,False,,,False,,,False,-,
landfill,Ghazipur,2025-11-09,1762666859446,28.6247,77.3272,Sentinel-2B,47.0820421950965,5.761627208803,0.642,False,278,,,,,,,,False,,,False,,,False,-,
landfill,Ghazipur,2025-11-14,1763098872843,28.6247,77.3272,Sentinel-2C,48.4154881612013,5.80201119497044,0.275,False,0,,,,,,,,False,,,False,,,False,-,
landfill,Ghazipur,2025-11-19,1763530858917,28.6247,77.3272,Sentinel-2B,49.6725861111645,5.77118478864463,0.307,False,0,,,,,,,,False,,,False,,,False,-,
landfill,Ghazipur,2025-11-24,1763962873105,28.6247,77.3272,Sentinel-2C,50.7797312474332,5.85870089351845,0.355,False,0,,,,,,,,False,,,False,,,False,-,
landfill,Ghazipur,2025-11-26,1764135680674,28.6247,77.3272,Sentinel-2A,51.1838109291934,5.79279819456555,0.821,False,108,,,,,,,,False,,,False,,,False,-,
landfill,Ghazipur,2025-11-29,1764394856635,28.6247,77.3272,Sentinel-2B,51.7853106179217,5.7033739074725,0.459,False,0,,,,,,,,False,,,False,,,False,-,
landfill,Ghazipur,2025-12-09,1765258860808,28.6247,77.3272,Sentinel-2B,53.3094360869993,5.80214514203314,0.715,False,336,,,,,,,,False,,,False,,,False,-,
landfill,Ghazipur,2025-12-16,1765863678742,28.6247,77.3272,Sentinel-2A,53.9727671646669,5.71553320298063,0.519,False,30,,,,,,,,False,,,False,,,False,-,
landfill,Ghazipur,2025-12-24,1766554871158,28.6247,77.3272,Sentinel-2C,54.3439623886742,5.86122953550901,0.492,False,8,,,,,,,,False,,,False,,,False,-,
landfill,Bhalswa,2024-05-08,1715146864325,28.7406,77.1582,Sentinel-2B,18.6519441448147,5.84379465731372,0.368,False,0,,,,,,,,False,,,False,,,False,-,
landfill,Bhalswa,2024-05-13,1715578866634,28.7406,77.1582,Sentinel-2A,17.8270076280303,5.85362276079268,0.652,False,193,,,,,,,,False,,,False,,,False,-,
landfill,Bhalswa,2024-05-18,1716010861919,28.7406,77.1582,Sentinel-2B,17.1980575197317,5.75930177919578,0.615,False,129,,,,,,,,False,,,False,,,False,-,
landfill,Bhalswa,2024-05-23,1716442862528,28.7406,77.1582,Sentinel-2A,16.7209052852162,5.72951441687008,0.442,False,0,,,,,,,,False,,,False,,,False,-,
landfill,Bhalswa,2024-05-28,1716874863369,28.7406,77.1582,Sentinel-2B,16.4024334194119,5.79490617097699,0.418,False,0,,,,,,,,False,,,False,,,False,-,
landfill,Bhalswa,2024-06-02,1717306867501,28.7406,77.1582,Sentinel-2A,16.2179500742641,5.85070439274351,0.603,False,111,,,,,,,,False,,,False,,,False,-,
landfill,Bhalswa,2024-06-07,1717738866328,28.7406,77.1582,Sentinel-2B,16.179428158952,5.85549743089811,0.63,False,366,,,,,,,,False,,,False,,,False,-,
landfill,Bhalswa,2024-06-12,1718170869621,28.7406,77.1582,Sentinel-2A,16.2308348958206,5.90280023379322,0.538,False,46,,,,,,,,False,,,False,,,False,-,
landfill,Bhalswa,2024-06-17,1718602866250,28.7406,77.1582,Sentinel-2B,16.3915009591884,5.83196889758658,0.733,False,495,,,,,,,,False,,,False,,,False,-,
landfill,Bhalswa,2024-06-22,1719034868149,28.7406,77.1582,Sentinel-2A,16.601856192058,5.85071667245834,0.514,False,40,,,,,,,,False,,,False,,,False,-,
landfill,Bhalswa,2024-08-31,1725082862650,28.7406,77.1582,Sentinel-2A,25.7032341600625,5.77121288769434,0.339,False,0,,,,,,,,False,,,False,,,False,-,
landfill,Bhalswa,2024-09-20,1726810864558,28.7406,77.1582,Sentinel-2A,31.2355063943319,5.83568095233254,0.368,False,0,,,,,,,,False,,,False,,,False,-,
landfill,Bhalswa,2024-10-05,1728106864321,28.7406,77.1582,Sentinel-2B,36.0412779329118,5.85850426271818,0.621,False,165,,,,,,,,False,,,False,,,False,-,
landfill,Bhalswa,2024-10-10,1728538860636,28.7406,77.1582,Sentinel-2A,37.704135340614,5.73435973516998,0.792,False,324,,,,,,,,False,,,False,,,False,-,
landfill,Bhalswa,2024-10-15,1728970863196,28.7406,77.1582,Sentinel-2B,39.3594254825499,5.83153340026374,0.67,False,219,,,,,,,,False,,,False,,,False,-,
landfill,Bhalswa,2024-10-20,1729402863490,28.7406,77.1582,Sentinel-2A,41.0043838409224,5.82518531340613,0.711,False,164,,,,,,,,False,,,False,,,False,-,
landfill,Bhalswa,2024-10-25,1729834864291,28.7406,77.1582,Sentinel-2B,42.6209835239269,5.88271403706891,0.677,False,149,,,,,,,,False,,,False,,,False,-,
landfill,Bhalswa,2024-10-30,1730266864025,28.7406,77.1582,Sentinel-2A,44.1950612059361,5.85956038689397,0.436,False,0,,,,,,,,False,,,False,,,False,-,
landfill,Bhalswa,2024-11-04,1730698860339,28.7406,77.1582,Sentinel-2B,45.7123619849222,5.78784393119467,0.381,False,0,,,,,,,,False,,,False,,,False,-,
landfill,Bhalswa,2024-11-09,1731130860892,28.7406,77.1582,Sentinel-2A,47.1474655138773,5.76186670201065,0.366,False,0,,,,,,,,False,,,False,,,False,-,
landfill,Bhalswa,2024-11-19,1731994863252,28.7406,77.1582,Sentinel-2A,49.7227909064007,5.80779629731391,0.311,False,0,,,,,,,,False,,,False,,,False,-,
landfill,Bhalswa,2024-11-24,1732426864567,28.7406,77.1582,Sentinel-2B,50.8368129287135,5.86966862157572,0.756,False,188,,,,,,,,False,,,False,,,False,-,
landfill,Bhalswa,2024-11-29,1732858862194,28.7406,77.1582,Sentinel-2A,51.821550712467,5.76051739608829,0.648,False,233,,,,,,,,False,,,False,,,False,-,
landfill,Bhalswa,2024-12-04,1733290863990,28.7406,77.1582,Sentinel-2B,52.6562108149024,5.82535177363519,0.57,False,62,,,,,,,,False,,,False,,,False,-,
landfill,Bhalswa,2024-12-09,1733722864681,28.7406,77.1582,Sentinel-2A,53.3351105881039,5.8323123084407,0.411,False,0,,,,,,,,False,,,False,,,False,-,
landfill,Bhalswa,2024-12-14,1734154864794,28.7406,77.1582,Sentinel-2B,53.848656639062,5.82375299518936,0.289,False,0,,,,,,,,False,,,False,,,False,-,
landfill,Bhalswa,2024-12-19,1734586862539,28.7406,77.1582,Sentinel-2A,54.1927810951788,5.77729227500906,0.314,False,0,,,,,,,,False,,,False,,,False,-,
landfill,Bhalswa,2024-12-29,1735450864495,28.7406,77.1582,Sentinel-2A,54.3391760273823,5.84186537760651,0.356,False,0,,,,,,,,False,,,False,,,False,-,
landfill,Bhalswa,2025-01-23,1737610865067,28.7406,77.1582,Sentinel-2B,51.5768174707937,5.80288140638022,0.436,False,0,,,,,,,,False,,,False,,,False,-,
landfill,Bhalswa,2025-01-28,1738042891272,28.7406,77.1582,Sentinel-2C,50.4820657027429,5.81842910190389,0.425,False,0,,,,,,,,False,,,False,,,False,-,
landfill,Bhalswa,2025-02-07,1738906890210,28.7406,77.1582,Sentinel-2C,47.9434316455008,5.81640080069567,0.804,False,408,,,,,,,,False,,,False,,,False,-,
landfill,Bhalswa,2025-02-22,1740202863981,28.7406,77.1582,Sentinel-2B,43.2915633184148,5.81375353098582,0.844,False,448,,,,,,,,False,,,False,,,False,-,
landfill,Bhalswa,2025-03-04,1741066866685,28.7406,77.1582,Sentinel-2B,39.7517160123154,5.87243757856152,0.579,False,73,,,,,,,,False,,,False,,,False,-,
landfill,Bhalswa,2025-03-09,1741498887224,28.7406,77.1582,Sentinel-2C,37.8626712973508,5.80126481582195,0.386,False,0,,,,,,,,False,,,False,,,False,-,
landfill,Bhalswa,2025-03-14,1741930865218,28.7406,77.1582,Sentinel-2B,36.0309499504767,5.82872975110024,0.543,False,43,,,,,,,,False,,,False,,,False,-,
landfill,Bhalswa,2025-03-19,1742362887134,28.7406,77.1582,Sentinel-2C,34.0973217680157,5.83827492181771,0.806,False,401,,,,,,,,False,,,False,,,False,-,
landfill,Bhalswa,2025-03-24,1742794866496,28.7406,77.1582,Sentinel-2B,32.261287814952,5.86293668330893,0.735,False,359,,,,,,,,False,,,False,,,False,-,
landfill,Bhalswa,2025-03-31,1743399673490,28.7406,77.1582,Sentinel-2A,29.6597756546653,5.74838208927861,0.649,False,241,,,,,,,,False,,,False,,,False,-,
landfill,Bhalswa,2025-04-03,1743658862212,28.7406,77.1582,Sentinel-2B,28.6056649549392,5.75296637866316,0.79,False,330,,,,,,,,False,,,False,,,False,-,
landfill,Bhalswa,2025-04-08,1744090886468,28.7406,77.1582,Sentinel-2C,26.7981036533986,5.84408883825964,0.756,False,294,,,,,,,,False,,,False,,,False,-,
landfill,Bhalswa,2025-04-13,1744522866204,28.7406,77.1582,Sentinel-2B,25.1795820982763,5.85845328228999,0.72,False,576,,,,,,,,False,,,False,,,False,-,
landfill,Bhalswa,2025-04-18,1744954884209,28.7406,77.1582,Sentinel-2C,23.5644490126876,5.80944133357151,0.702,False,285,,,,,,,,False,,,False,,,False,-,
landfill,Bhalswa,2025-04-20,1745127676870,28.7406,77.1582,Sentinel-2A,22.9881275298591,5.87052220022566,0.79,False,685,,,,,,,,False,,,False,,,False,-,
landfill,Bhalswa,2025-04-23,1745386864501,28.7406,77.1582,Sentinel-2B,22.1668708831212,5.83102180226687,0.828,False,584,,,,,,,,False,,,False,,,False,-,
landfill,Bhalswa,2025-04-28,1745818885589,28.7406,77.1582,Sentinel-2C,20.7943235430211,5.87335105371049,0.77,False,384,,,,,,,,False,,,False,,,False,-,
landfill,Bhalswa,2025-05-13,1747114864291,28.7406,77.1582,Sentinel-2B,17.8670837212108,5.87839272985576,0.879,True,560,3.6003265380859375,-1.5286865234375,3.9114234835651973,15499.0,-0.0204,-0.0034,0.0224,False,2.9,30.0,True,104.0,33.0,True,T3,SWIR darkening (moisture / leachate / fresh cover)
landfill,Bhalswa,2025-05-18,1747546880784,28.7406,77.1582,Sentinel-2C,17.1595025013794,5.77206429147198,0.873,True,763,2.1297760009765625,-2.47943115234375,3.2685661464238986,18968.0,-0.0338,-0.0172,0.0057,False,2.1,80.0,False,81.0,12.0,True,T2,
landfill,Bhalswa,2025-05-23,1747978864712,28.7406,77.1582,Sentinel-2B,16.7293072124985,5.85452548164054,0.658,False,323,,,,,,,,False,,,False,,,False,-,
landfill,Bhalswa,2025-06-02,1748842864326,28.7406,77.1582,Sentinel-2B,16.2349217461372,5.82550600316405,0.788,False,628,,,,,,,,False,,,False,,,False,-,
landfill,Bhalswa,2025-06-07,1749274883977,28.7406,77.1582,Sentinel-2C,16.1161800910093,5.83511268661792,0.774,False,454,,,,,,,,False,,,False,,,False,-,
landfill,Bhalswa,2025-06-12,1749706861490,28.7406,77.1582,Sentinel-2B,16.2515387572656,5.72551137148683,0.725,False,271,,,,,,,,False,,,False,,,False,-,
landfill,Bhalswa,2025-09-20,1758346861661,28.7406,77.1582,Sentinel-2B,31.1719278289055,5.78478101746156,0.763,False,237,,,,,,,,False,,,False,,,False,-,
landfill,Bhalswa,2025-09-25,1758778878495,28.7406,77.1582,Sentinel-2C,32.6999813694311,5.81173473587395,0.747,False,241,,,,,,,,False,,,False,,,False,-,
landfill,Bhalswa,2025-09-27,1758951679058,28.7406,77.1582,Sentinel-2A,33.336689076367,5.83580014348337,0.599,False,122,,,,,,,,False,,,False,,,False,-,
landfill,Bhalswa,2025-10-05,1759642878460,28.7406,77.1582,Sentinel-2C,35.9441524870556,5.81752685519971,0.36,False,0,,,,,,,,False,,,False,,,False,-,
landfill,Bhalswa,2025-10-10,1760074861883,28.7406,77.1582,Sentinel-2B,37.6239052110935,5.78379656666331,0.366,False,0,,,,,,,,False,,,False,,,False,-,
landfill,Bhalswa,2025-10-15,1760506874678,28.7406,77.1582,Sentinel-2C,39.2660551694061,5.74351648016938,0.518,False,36,,,,,,,,False,,,False,,,False,-,
landfill,Bhalswa,2025-10-17,1760679677498,28.7406,77.1582,Sentinel-2A,39.9243356268403,5.80029720276764,0.838,False,365,,,,,,,,False,,,False,,,False,-,
landfill,Bhalswa,2025-10-20,1760938863667,28.7406,77.1582,Sentinel-2B,40.9292134764301,5.83457403226805,0.424,False,0,,,,,,,,False,,,False,,,False,-,
landfill,Bhalswa,2025-10-25,1761370876244,28.7406,77.1582,Sentinel-2C,42.5346248886298,5.81529467795348,0.829,False,279,,,,,,,,False,,,False,,,False,-,
landfill,Bhalswa,2025-11-06,1762407679687,28.7406,77.1582,Sentinel-2A,46.2069856371413,5.79059208885692,0.785,False,733,,,,,,,,False,,,False,,,False,-,
landfill,Bhalswa,2025-11-09,1762666859446,28.7406,77.1582,Sentinel-2B,47.0820421950965,5.761627208803,0.303,False,0,,,,,,,,False,,,False,,,False,-,
landfill,Bhalswa,2025-11-14,1763098872843,28.7406,77.1582,Sentinel-2C,48.4154881612013,5.80201119497044,0.357,False,0,,,,,,,,False,,,False,,,False,-,
landfill,Bhalswa,2025-11-19,1763530858917,28.7406,77.1582,Sentinel-2B,49.6725861111645,5.77118478864463,0.319,False,0,,,,,,,,False,,,False,,,False,-,
landfill,Bhalswa,2025-11-24,1763962873105,28.7406,77.1582,Sentinel-2C,50.7797312474332,5.85870089351845,0.817,False,503,,,,,,,,False,,,False,,,False,-,
landfill,Bhalswa,2025-11-26,1764135680674,28.7406,77.1582,Sentinel-2A,51.1838109291934,5.79279819456555,0.638,False,252,,,,,,,,False,,,False,,,False,-,
landfill,Bhalswa,2025-11-29,1764394856635,28.7406,77.1582,Sentinel-2B,51.7853106179217,5.7033739074725,0.675,False,236,,,,,,,,False,,,False,,,False,-,
landfill,Bhalswa,2025-12-09,1765258860808,28.7406,77.1582,Sentinel-2B,53.3094360869993,5.80214514203314,0.738,False,166,,,,,,,,False,,,False,,,False,-,
landfill,Bhalswa,2025-12-16,1765863678742,28.7406,77.1582,Sentinel-2A,53.9727671646669,5.71553320298063,0.724,False,444,,,,,,,,False,,,False,,,False,-,
landfill,Bhalswa,2025-12-24,1766554871158,28.7406,77.1582,Sentinel-2C,54.3439623886742,5.86122953550901,0.542,False,54,,,,,,,,False,,,False,,,False,-,
landfill,Okhla,2024-05-08,1715146864325,28.5125,77.2835,Sentinel-2B,18.6519441448147,5.84379465731372,0.678,False,275,,,,,,,,False,,,False,,,False,-,
landfill,Okhla,2024-05-13,1715578866634,28.5125,77.2835,Sentinel-2A,17.8270076280303,5.85362276079268,0.39,False,0,,,,,,,,False,,,False,,,False,-,
landfill,Okhla,2024-05-18,1716010861919,28.5125,77.2835,Sentinel-2B,17.1980575197317,5.75930177919578,0.392,False,0,,,,,,,,False,,,False,,,False,-,
landfill,Okhla,2024-05-23,1716442862528,28.5125,77.2835,Sentinel-2A,16.7209052852162,5.72951441687008,0.366,False,0,,,,,,,,False,,,False,,,False,-,
landfill,Okhla,2024-05-28,1716874863369,28.5125,77.2835,Sentinel-2B,16.4024334194119,5.79490617097699,0.858,True,208,1.584939956665039,-1.9891357421875,2.5433630623804366,4913.0,-0.012,0.0075,0.0182,False,1.6,45.0,True,0.0,115.0,False,T3,SWIR darkening (moisture / leachate / fresh cover)
landfill,Okhla,2024-06-02,1717306867501,28.5125,77.2835,Sentinel-2A,16.2179500742641,5.85070439274351,0.394,False,0,,,,,,,,False,,,False,,,False,-,
landfill,Okhla,2024-06-12,1718170869621,28.5125,77.2835,Sentinel-2A,16.2308348958206,5.90280023379322,0.38,False,0,,,,,,,,False,,,False,,,False,-,
landfill,Okhla,2024-06-17,1718602866250,28.5125,77.2835,Sentinel-2B,16.3915009591884,5.83196889758658,0.481,False,0,,,,,,,,False,,,False,,,False,-,
landfill,Okhla,2024-09-15,1726378862562,28.5125,77.2835,Sentinel-2B,29.741393809424,5.83143278382171,0.332,False,0,,,,,,,,False,,,False,,,False,-,
landfill,Okhla,2024-09-20,1726810864558,28.5125,77.2835,Sentinel-2A,31.2355063943319,5.83568095233254,0.494,False,0,,,,,,,,False,,,False,,,False,-,
landfill,Okhla,2024-09-30,1727674865638,28.5125,77.2835,Sentinel-2A,34.3990428491687,5.86579990808039,0.38,False,0,,,,,,,,False,,,False,,,False,-,
landfill,Okhla,2024-10-05,1728106864321,28.5125,77.2835,Sentinel-2B,36.0412779329118,5.85850426271818,0.625,False,216,,,,,,,,False,,,False,,,False,-,
landfill,Okhla,2024-10-10,1728538860636,28.5125,77.2835,Sentinel-2A,37.704135340614,5.73435973516998,0.873,True,440,2.72332763671875,-1.5743865966796875,3.1456647266866793,22780.0,0.0502,0.0611,0.1197,False,1.4,86.0,True,28.0,80.0,False,T3,brightening (fresh waste / drying / earthworks)
landfill,Okhla,2024-10-15,1728970863196,28.5125,77.2835,Sentinel-2B,39.3594254825499,5.83153340026374,0.778,False,251,,,,,,,,False,,,False,,,False,-,
landfill,Okhla,2024-10-20,1729402863490,28.5125,77.2835,Sentinel-2A,41.0043838409224,5.82518531340613,0.217,False,0,,,,,,,,False,,,False,,,False,-,
landfill,Okhla,2024-10-25,1729834864291,28.5125,77.2835,Sentinel-2B,42.6209835239269,5.88271403706891,0.465,False,0,,,,,,,,False,,,False,,,False,-,
landfill,Okhla,2024-10-30,1730266864025,28.5125,77.2835,Sentinel-2A,44.1950612059361,5.85956038689397,0.49,False,3,,,,,,,,False,,,False,,,False,-,
landfill,Okhla,2024-11-04,1730698860339,28.5125,77.2835,Sentinel-2B,45.7123619849222,5.78784393119467,0.403,False,0,,,,,,,,False,,,False,,,False,-,
landfill,Okhla,2024-11-09,1731130860892,28.5125,77.2835,Sentinel-2A,47.1474655138773,5.76186670201065,0.344,False,0,,,,,,,,False,,,False,,,False,-,
landfill,Okhla,2024-11-19,1731994863252,28.5125,77.2835,Sentinel-2A,49.7227909064007,5.80779629731391,0.316,False,0,,,,,,,,False,,,False,,,False,-,
landfill,Okhla,2024-11-24,1732426864567,28.5125,77.2835,Sentinel-2B,50.8368129287135,5.86966862157572,0.36,False,0,,,,,,,,False,,,False,,,False,-,
landfill,Okhla,2024-11-29,1732858862194,28.5125,77.2835,Sentinel-2A,51.821550712467,5.76051739608829,0.878,True,332,-0.232391357421875,-0.6868896484375,0.7251366299773954,,-0.0398,-0.0054,0.0236,False,2.8,11.0,True,208.0,38.0,True,T2,
landfill,Okhla,2024-12-04,1733290863990,28.5125,77.2835,Sentinel-2B,52.6562108149024,5.82535177363519,0.88,True,499,3.8351898193359375,-2.1167259216308594,4.3805490041365855,18619.0,0.0142,0.0444,0.0715,False,2.0,75.0,True,208.0,42.0,True,T3,brightening (fresh waste / drying / earthworks)
landfill,Okhla,2024-12-09,1733722864681,28.5125,77.2835,Sentinel-2A,53.3351105881039,5.8323123084407,0.676,False,349,,,,,,,,False,,,False,,,False,-,
landfill,Okhla,2024-12-14,1734154864794,28.5125,77.2835,Sentinel-2B,53.848656639062,5.82375299518936,0.332,False,0,,,,,,,,False,,,False,,,False,-,
landfill,Okhla,2024-12-19,1734586862539,28.5125,77.2835,Sentinel-2A,54.1927810951788,5.77729227500906,0.322,False,0,,,,,,,,False,,,False,,,False,-,
landfill,Okhla,2024-12-29,1735450864495,28.5125,77.2835,Sentinel-2A,54.3391760273823,5.84186537760651,0.357,False,0,,,,,,,,False,,,False,,,False,-,
landfill,Okhla,2025-01-13,1736746862824,28.5125,77.2835,Sentinel-2B,53.2067243365043,5.7720788726697,0.317,False,0,,,,,,,,False,,,False,,,False,-,
landfill,Okhla,2025-01-23,1737610865067,28.5125,77.2835,Sentinel-2B,51.5768174707937,5.80288140638022,0.376,False,0,,,,,,,,False,,,False,,,False,-,
landfill,Okhla,2025-01-28,1738042891272,28.5125,77.2835,Sentinel-2C,50.4820657027429,5.81842910190389,0.33,False,0,,,,,,,,False,,,False,,,False,-,
landfill,Okhla,2025-02-02,1738474865957,28.5125,77.2835,Sentinel-2B,49.3208765389585,5.81913040395034,0.678,False,106,,,,,,,,False,,,False,,,False,-,
landfill,Okhla,2025-02-07,1738906890210,28.5125,77.2835,Sentinel-2C,47.9434316455008,5.81640080069567,0.551,False,41,,,,,,,,False,,,False,,,False,-,
landfill,Okhla,2025-02-22,1740202863981,28.5125,77.2835,Sentinel-2B,43.2915633184148,5.81375353098582,0.464,False,0,,,,,,,,False,,,False,,,False,-,
landfill,Okhla,2025-03-04,1741066866685,28.5125,77.2835,Sentinel-2B,39.7517160123154,5.87243757856152,0.33,False,0,,,,,,,,False,,,False,,,False,-,
landfill,Okhla,2025-03-09,1741498887224,28.5125,77.2835,Sentinel-2C,37.8626712973508,5.80126481582195,0.284,False,0,,,,,,,,False,,,False,,,False,-,
landfill,Okhla,2025-03-14,1741930865218,28.5125,77.2835,Sentinel-2B,36.0309499504767,5.82872975110024,0.419,False,0,,,,,,,,False,,,False,,,False,-,
landfill,Okhla,2025-03-19,1742362887134,28.5125,77.2835,Sentinel-2C,34.0973217680157,5.83827492181771,0.237,False,0,,,,,,,,False,,,False,,,False,-,
landfill,Okhla,2025-03-24,1742794866496,28.5125,77.2835,Sentinel-2B,32.261287814952,5.86293668330893,0.497,False,10,,,,,,,,False,,,False,,,False,-,
landfill,Okhla,2025-03-31,1743399673490,28.5125,77.2835,Sentinel-2A,29.6597756546653,5.74838208927861,0.666,False,192,,,,,,,,False,,,False,,,False,-,
landfill,Okhla,2025-04-03,1743658862212,28.5125,77.2835,Sentinel-2B,28.6056649549392,5.75296637866316,0.46,False,0,,,,,,,,False,,,False,,,False,-,
landfill,Okhla,2025-04-08,1744090886468,28.5125,77.2835,Sentinel-2C,26.7981036533986,5.84408883825964,0.601,False,50,,,,,,,,False,,,False,,,False,-,
landfill,Okhla,2025-04-13,1744522866204,28.5125,77.2835,Sentinel-2B,25.1795820982763,5.85845328228999,0.495,False,3,,,,,,,,False,,,False,,,False,-,
landfill,Okhla,2025-04-18,1744954884209,28.5125,77.2835,Sentinel-2C,23.5644490126876,5.80944133357151,0.311,False,0,,,,,,,,False,,,False,,,False,-,
landfill,Okhla,2025-04-20,1745127676870,28.5125,77.2835,Sentinel-2A,22.9881275298591,5.87052220022566,0.311,False,0,,,,,,,,False,,,False,,,False,-,
landfill,Okhla,2025-04-23,1745386864501,28.5125,77.2835,Sentinel-2B,22.1668708831212,5.83102180226687,0.493,False,1,,,,,,,,False,,,False,,,False,-,
landfill,Okhla,2025-04-28,1745818885589,28.5125,77.2835,Sentinel-2C,20.7943235430211,5.87335105371049,0.506,False,11,,,,,,,,False,,,False,,,False,-,
landfill,Okhla,2025-05-10,1746855676157,28.5125,77.2835,Sentinel-2A,18.3061703198304,5.79335767781903,0.357,False,0,,,,,,,,False,,,False,,,False,-,
landfill,Okhla,2025-05-13,1747114864291,28.5125,77.2835,Sentinel-2B,17.8670837212108,5.87839272985576,0.355,False,0,,,,,,,,False,,,False,,,False,-,
landfill,Okhla,2025-05-18,1747546880784,28.5125,77.2835,Sentinel-2C,17.1595025013794,5.77206429147198,0.801,False,382,,,,,,,,False,,,False,,,False,-,
landfill,Okhla,2025-05-23,1747978864712,28.5125,77.2835,Sentinel-2B,16.7293072124985,5.85452548164054,0.565,False,73,,,,,,,,False,,,False,,,False,-,
landfill,Okhla,2025-06-02,1748842864326,28.5125,77.2835,Sentinel-2B,16.2349217461372,5.82550600316405,0.52,False,70,,,,,,,,False,,,False,,,False,-,
landfill,Okhla,2025-06-12,1749706861490,28.5125,77.2835,Sentinel-2B,16.2515387572656,5.72551137148683,0.515,False,22,,,,,,,,False,,,False,,,False,-,
landfill,Okhla,2025-09-25,1758778878495,28.5125,77.2835,Sentinel-2C,32.6999813694311,5.81173473587395,0.41,False,0,,,,,,,,False,,,False,,,False,-,
landfill,Okhla,2025-09-27,1758951679058,28.5125,77.2835,Sentinel-2A,33.336689076367,5.83580014348337,0.322,False,0,,,,,,,,False,,,False,,,False,-,
landfill,Okhla,2025-10-05,1759642878460,28.5125,77.2835,Sentinel-2C,35.9441524870556,5.81752685519971,0.442,False,0,,,,,,,,False,,,False,,,False,-,
landfill,Okhla,2025-10-10,1760074861883,28.5125,77.2835,Sentinel-2B,37.6239052110935,5.78379656666331,0.874,True,884,1.8973846435546875,-2.0023040771484375,2.7584941730883545,66651.0,-0.0787,-0.0533,0.0137,False,3.0,41.0,True,80.0,32.0,True,T3,SWIR darkening (moisture / leachate / fresh cover)
landfill,Okhla,2025-10-15,1760506874678,28.5125,77.2835,Sentinel-2C,39.2660551694061,5.74351648016938,0.749,False,534,,,,,,,,False,,,False,,,False,-,
landfill,Okhla,2025-10-17,1760679677498,28.5125,77.2835,Sentinel-2A,39.9243356268403,5.80029720276764,0.642,False,277,,,,,,,,False,,,False,,,False,-,
landfill,Okhla,2025-10-20,1760938863667,28.5125,77.2835,Sentinel-2B,40.9292134764301,5.83457403226805,0.349,False,0,,,,,,,,False,,,False,,,False,-,
landfill,Okhla,2025-10-25,1761370876244,28.5125,77.2835,Sentinel-2C,42.5346248886298,5.81529467795348,0.292,False,0,,,,,,,,False,,,False,,,False,-,
landfill,Okhla,2025-11-06,1762407679687,28.5125,77.2835,Sentinel-2A,46.2069856371413,5.79059208885692,0.775,False,362,,,,,,,,False,,,False,,,False,-,
landfill,Okhla,2025-11-09,1762666859446,28.5125,77.2835,Sentinel-2B,47.0820421950965,5.761627208803,0.795,False,232,,,,,,,,False,,,False,,,False,-,
landfill,Okhla,2025-11-14,1763098872843,28.5125,77.2835,Sentinel-2C,48.4154881612013,5.80201119497044,0.458,False,0,,,,,,,,False,,,False,,,False,-,
landfill,Okhla,2025-11-19,1763530858917,28.5125,77.2835,Sentinel-2B,49.6725861111645,5.77118478864463,0.368,False,0,,,,,,,,False,,,False,,,False,-,
landfill,Okhla,2025-11-24,1763962873105,28.5125,77.2835,Sentinel-2C,50.7797312474332,5.85870089351845,0.333,False,0,,,,,,,,False,,,False,,,False,-,
landfill,Okhla,2025-11-26,1764135680674,28.5125,77.2835,Sentinel-2A,51.1838109291934,5.79279819456555,0.482,False,0,,,,,,,,False,,,False,,,False,-,
landfill,Okhla,2025-11-29,1764394856635,28.5125,77.2835,Sentinel-2B,51.7853106179217,5.7033739074725,0.529,False,28,,,,,,,,False,,,False,,,False,-,
landfill,Okhla,2025-12-09,1765258860808,28.5125,77.2835,Sentinel-2B,53.3094360869993,5.80214514203314,0.678,False,255,,,,,,,,False,,,False,,,False,-,
landfill,Okhla,2025-12-16,1765863678742,28.5125,77.2835,Sentinel-2A,53.9727671646669,5.71553320298063,0.481,False,0,,,,,,,,False,,,False,,,False,-,
landfill,Okhla,2025-12-24,1766554871158,28.5125,77.2835,Sentinel-2C,54.3439623886742,5.86122953550901,0.602,False,121,,,,,,,,False,,,False,,,False,-,
landfill,Deonar,2024-03-12,1710222817499,19.0717,72.9278,Sentinel-2B,30.7599445548317,4.9911870657956,0.601,False,316,,,,,,,,False,,,False,,,False,-,
landfill,Deonar,2024-03-17,1710654821186,19.0717,72.9278,Sentinel-2A,29.068931423706,5.07274878659548,0.529,False,39,,,,,,,,False,,,False,,,False,-,
landfill,Deonar,2024-03-22,1711086821112,19.0717,72.9278,Sentinel-2B,27.4124861841837,5.07411991066036,0.298,False,0,,,,,,,,False,,,False,,,False,-,
landfill,Deonar,2024-03-27,1711518821388,19.0717,72.9278,Sentinel-2A,25.8020102848513,5.07360580252962,0.332,False,0,,,,,,,,False,,,False,,,False,-,
landfill,Deonar,2024-04-06,1712382818832,19.0717,72.9278,Sentinel-2A,22.8306860951436,4.99758596459881,0.623,False,283,,,,,,,,False,,,False,,,False,-,
landfill,Deonar,2024-04-11,1712814820967,19.0717,72.9278,Sentinel-2B,21.5028334490833,5.07151462317203,0.504,False,14,,,,,,,,False,,,False,,,False,-,
landfill,Deonar,2024-04-16,1713246823641,19.0717,72.9278,Sentinel-2A,20.3155105101348,5.15121197516065,0.522,False,26,,,,,,,,False,,,False,,,False,-,
landfill,Deonar,2024-04-21,1713678821314,19.0717,72.9278,Sentinel-2B,19.3094311728241,5.14600044204466,0.326,False,0,,,,,,,,False,,,False,,,False,-,
landfill,Deonar,2024-04-26,1714110823010,19.0717,72.9278,Sentinel-2A,18.4677030578813,5.10797800417405,0.339,False,0,,,,,,,,False,,,False,,,False,-,
landfill,Deonar,2024-05-01,1714542820888,19.0717,72.9278,Sentinel-2B,17.8300281212353,5.06994082721103,0.481,False,0,,,,,,,,False,,,False,,,False,-,
landfill,Deonar,2024-05-06,1714974823513,19.0717,72.9278,Sentinel-2A,17.364767392094,5.07560856533591,0.462,False,0,,,,,,,,False,,,False,,,False,-,
landfill,Deonar,2024-05-11,1715406821425,19.0717,72.9278,Sentinel-2B,17.0991440625595,5.0746081298526,0.561,False,68,,,,,,,,False,,,False,,,False,-,
landfill,Deonar,2024-05-16,1715838823433,19.0717,72.9278,Sentinel-2A,16.9783222683747,5.07493046890893,0.58,False,102,,,,,,,,False,,,False,,,False,-,
landfill,Deonar,2024-05-21,1716270820173,19.0717,72.9278,Sentinel-2B,17.013447664074,5.03393185312843,0.29,False,0,,,,,,,,False,,,False,,,False,-,
landfill,Deonar,2024-05-31,1717134821296,19.0717,72.9278,Sentinel-2B,17.3451100285978,5.06760285254134,0.906,True,913,3.421600341796875,1.38043212890625,3.689572029585699,30953.0,-0.0345,-0.0114,0.1325,False,1.5,60.0,True,94.0,55.0,True,T3,SWIR darkening (moisture / leachate / fresh cover)
landfill,Deonar,2024-10-13,1728798819462,19.0717,72.9278,Sentinel-2A,31.308669749348,4.99817706017186,0.47,False,0,,,,,,,,False,,,False,,,False,-,
landfill,Deonar,2024-10-28,1730094821614,19.0717,72.9278,Sentinel-2B,35.7980252537353,5.15776597002067,0.423,False,0,,,,,,,,False,,,False,,,False,-,
landfill,Deonar,2024-11-02,1730526820189,19.0717,72.9278,Sentinel-2A,37.2612405298777,5.06821023403575,0.731,False,418,,,,,,,,False,,,False,,,False,-,
landfill,Deonar,2024-11-07,1730958814100,19.0717,72.9278,Sentinel-2B,38.6805672259185,4.92337874499572,0.771,False,569,,,,,,,,False,,,False,,,False,-,
landfill,Deonar,2024-11-12,1731390819472,19.0717,72.9278,Sentinel-2A,40.0124255619742,5.05008564514234,0.604,False,297,,,,,,,,False,,,False,,,False,-,
landfill,Deonar,2024-11-17,1731822818563,19.0717,72.9278,Sentinel-2B,41.2677039185725,5.06516212948237,0.361,False,0,,,,,,,,False,,,False,,,False,-,
landfill,Deonar,2024-11-22,1732254820110,19.0717,72.9278,Sentinel-2A,42.4188915708365,5.05953865288248,0.576,False,98,,,,,,,,False,,,False,,,False,-,
landfill,Deonar,2024-11-27,1732686822411,19.0717,72.9278,Sentinel-2B,43.4542602379466,5.18531535361383,0.783,False,844,,,,,,,,False,,,False,,,False,-,
landfill,Deonar,2024-12-12,1733982821632,19.0717,72.9278,Sentinel-2A,45.7506143588608,5.07158977589194,0.664,False,611,,,,,,,,False,,,False,,,False,-,
landfill,Deonar,2024-12-17,1734414821840,19.0717,72.9278,Sentinel-2B,46.2063412299062,5.06953093810313,0.738,False,357,,,,,,,,False,,,False,,,False,-,
landfill,Deonar,2024-12-27,1735278822548,19.0717,72.9278,Sentinel-2B,46.6151004589296,5.07543346843471,0.469,False,0,,,,,,,,False,,,False,,,False,-,
landfill,Deonar,2025-01-01,1735710821183,19.0717,72.9278,Sentinel-2A,46.5637416098747,5.0697779045266,0.599,False,232,,,,,,,,False,,,False,,,False,-,
landfill,Deonar,2025-01-06,1736142821120,19.0717,72.9278,Sentinel-2B,46.3358502956027,5.06214929344184,0.853,True,772,0.050262451171875,-5.076416015625,5.076664838030162,20110.0,-0.0519,0.003,0.0218,True,3.8,31.0,True,335.0,77.0,False,T1,
landfill,Deonar,2025-01-11,1736574817483,19.0717,72.9278,Sentinel-2A,45.9411948997834,4.9782934559818,0.41,False,0,,,,,,,,False,,,False,,,False,-,
landfill,Deonar,2025-01-16,1737006819132,19.0717,72.9278,Sentinel-2B,45.368410670214,4.99695780744001,0.343,False,0,,,,,,,,False,,,False,,,False,-,
landfill,Deonar,2025-01-21,1737438819660,19.0717,72.9278,Sentinel-2A,44.6350228736594,5.0420840579612,0.423,False,0,,,,,,,,False,,,False,,,False,-,
landfill,Deonar,2025-01-26,1737870823147,19.0717,72.9278,Sentinel-2B,43.7407828285968,5.06967967784329,0.807,False,230,,,,,,,,False,,,False,,,False,-,
landfill,Deonar,2025-01-31,1738302847857,19.0717,72.9278,Sentinel-2C,42.6559991029758,5.05535692310914,0.701,False,144,,,,,,,,False,,,False,,,False,-,
landfill,Deonar,2025-02-05,1738734824474,19.0717,72.9278,Sentinel-2B,41.5410890550939,5.04410918828483,0.61,False,154,,,,,,,,False,,,False,,,False,-,
landfill,Deonar,2025-02-10,1739166846829,19.0717,72.9278,Sentinel-2C,40.1961827420972,5.03885236698432,0.307,False,0,,,,,,,,False,,,False,,,False,-,
landfill,Deonar,2025-02-15,1739598825273,19.0717,72.9278,Sentinel-2B,38.8464587117347,5.13825702380658,0.557,False,43,,,,,,,,False,,,False,,,False,-,
landfill,Deonar,2025-02-20,1740030842439,19.0717,72.9278,Sentinel-2C,37.3144915036453,4.95310159144308,0.744,False,348,,,,,,,,False,,,False,,,False,-,
landfill,Deonar,2025-03-07,1741326823848,19.0717,72.9278,Sentinel-2B,32.5060453034649,5.1309215907607,0.772,False,541,,,,,,,,False,,,False,,,False,-,
landfill,Deonar,2025-03-12,1741758843670,19.0717,72.9278,Sentinel-2C,30.7673489234693,5.02363226836854,0.768,False,135,,,,,,,,False,,,False,,,False,-,
landfill,Deonar,2025-03-14,1741931633367,19.0717,72.9278,Sentinel-2A,30.121330764108,5.02840860542803,0.842,False,399,,,,,,,,False,,,False,,,False,-,
landfill,Deonar,2025-03-17,1742190823108,19.0717,72.9278,Sentinel-2B,29.1424241845163,5.08859936871325,0.625,False,127,,,,,,,,False,,,False,,,False,-,
landfill,Deonar,2025-03-22,1742622843900,19.0717,72.9278,Sentinel-2C,27.4212367673751,5.08594615481228,0.868,True,138,0.59991455078125,-1.3632965087890625,1.4894545441588727,,-0.0128,0.0547,0.0978,False,3.0,69.0,False,622.0,112.0,False,T3,SWIR darkening (moisture / leachate / fresh cover)
landfill,Deonar,2025-03-27,1743054823077,19.0717,72.9278,Sentinel-2B,25.8716110781844,5.07300750638408,0.376,False,0,,,,,,,,False,,,False,,,False,-,
landfill,Deonar,2025-04-03,1743659632312,19.0717,72.9278,Sentinel-2A,23.7083221421877,5.0450126158271,0.691,False,306,,,,,,,,False,,,False,,,False,-,
landfill,Deonar,2025-04-06,1743918821361,19.0717,72.9278,Sentinel-2B,22.8887684103984,5.05697954333826,0.749,False,598,,,,,,,,False,,,False,,,False,-,
landfill,Deonar,2025-04-11,1744350843167,19.0717,72.9278,Sentinel-2C,21.4842794054973,5.10004803740984,0.633,False,529,,,,,,,,False,,,False,,,False,-,
landfill,Deonar,2025-04-16,1744782823463,19.0717,72.9278,Sentinel-2B,20.3656730807346,5.13165376128198,0.533,False,36,,,,,,,,False,,,False,,,False,-,
landfill,Deonar,2025-04-21,1745214842358,19.0717,72.9278,Sentinel-2C,19.272287932076,5.10316858462454,0.556,False,60,,,,,,,,False,,,False,,,False,-,
landfill,Deonar,2025-04-26,1745646821756,19.0717,72.9278,Sentinel-2B,18.505839301975,5.07775579166166,0.345,False,0,,,,,,,,False,,,False,,,False,-,
landfill,Deonar,2025-05-01,1746078842591,19.0717,72.9278,Sentinel-2C,17.7724608266131,5.11526550599389,0.446,False,0,,,,,,,,False,,,False,,,False,-,
landfill,Deonar,2025-05-11,1746942839315,19.0717,72.9278,Sentinel-2C,17.0349766209781,5.01142496262861,0.477,False,0,,,,,,,,False,,,False,,,False,-,
landfill,Deonar,2025-05-13,1747115634719,19.0717,72.9278,Sentinel-2A,16.9854801622116,5.07309222706377,0.521,False,24,,,,,,,,False,,,False,,,False,-,
landfill,Deonar,2025-10-08,1759902834974,19.0717,72.9278,Sentinel-2C,29.7363823023785,5.02544304593356,0.44,False,0,,,,,,,,False,,,False,,,False,-,
landfill,Deonar,2025-10-13,1760334821568,19.0717,72.9278,Sentinel-2B,31.2374510755734,5.04571569444531,0.474,False,0,,,,,,,,False,,,False,,,False,-,
landfill,Deonar,2025-10-18,1760766831844,19.0717,72.9278,Sentinel-2C,32.7133622411641,4.99574482682292,0.529,False,76,,,,,,,,False,,,False,,,False,-,
landfill,Deonar,2025-10-20,1760939635789,19.0717,72.9278,Sentinel-2A,33.3093074915446,5.06887309133764,0.525,False,55,,,,,,,,False,,,False,,,False,-,
landfill,Deonar,2025-10-23,1761198820828,19.0717,72.9278,Sentinel-2B,34.2401710870568,5.08804251220626,0.389,False,0,,,,,,,,False,,,False,,,False,-,
landfill,Deonar,2025-11-07,1762494832773,19.0717,72.9278,Sentinel-2C,38.5861630958887,5.11189637537991,0.285,False,0,,,,,,,,False,,,False,,,False,-,
landfill,Deonar,2025-11-09,1762667636239,19.0717,72.9278,Sentinel-2A,39.12735029174,4.99533647232647,0.369,False,0,,,,,,,,False,,,False,,,False,-,
landfill,Deonar,2025-11-12,1762926817182,19.0717,72.9278,Sentinel-2B,39.9533896470602,5.03181605867696,0.344,False,0,,,,,,,,False,,,False,,,False,-,
landfill,Deonar,2025-11-17,1763358830176,19.0717,72.9278,Sentinel-2C,41.1941814652328,5.05487293628633,0.612,False,90,,,,,,,,False,,,False,,,False,-,
landfill,Deonar,2025-11-22,1763790815297,19.0717,72.9278,Sentinel-2B,42.3759921900724,5.00381690419215,0.64,False,171,,,,,,,,False,,,False,,,False,-,
landfill,Deonar,2025-11-27,1764222830006,19.0717,72.9278,Sentinel-2C,43.3990610955583,5.11337762734945,0.456,False,0,,,,,,,,False,,,False,,,False,-,
landfill,Deonar,2025-12-12,1765518818592,19.0717,72.9278,Sentinel-2B,45.7282329872263,5.07110752996886,0.436,False,0,,,,,,,,False,,,False,,,False,-,
landfill,Deonar,2025-12-17,1765950828870,19.0717,72.9278,Sentinel-2C,46.1776153871748,5.10621778957281,0.476,False,0,,,,,,,,False,,,False,,,False,-,
landfill,Deonar,2025-12-19,1766123637179,19.0717,72.9278,Sentinel-2A,46.3044930813023,4.99886544714465,0.425,False,0,,,,,,,,False,,,False,,,False,-,
landfill,Deonar,2025-12-27,1766814828488,19.0717,72.9278,Sentinel-2C,46.6045040946941,5.1111027178776,0.359,False,0,,,,,,,,False,,,False,,,False,-,
landfill,Pirana,2024-05-26,1716702764207,22.9762,72.5656,Sentinel-2A,17.3340961867754,4.82057161287143,0.312,False,0,,,,,,,,False,,,False,,,False,-,
landfill,Pirana,2024-05-31,1717134764256,22.9762,72.5656,Sentinel-2B,17.37616717354,4.78980350082975,0.31,False,0,,,,,,,,False,,,False,,,False,-,
landfill,Pirana,2024-06-05,1717566768888,22.9762,72.5656,Sentinel-2A,17.4867149818865,4.69650385413099,0.317,False,0,,,,,,,,False,,,False,,,False,-,
landfill,Pirana,2024-06-15,1718430769780,22.9762,72.5656,Sentinel-2A,17.8968600210953,4.70797031438968,0.422,False,0,,,,,,,,False,,,False,,,False,-,
landfill,Pirana,2024-10-08,1728366763185,22.9762,72.5656,Sentinel-2B,33.1087007550055,4.75385273783016,0.396,False,0,,,,,,,,False,,,False,,,False,-,
landfill,Pirana,2024-10-23,1729662763494,22.9762,72.5656,Sentinel-2A,37.7190379913201,4.7434343887234,0.562,False,96,,,,,,,,False,,,False,,,False,-,
landfill,Pirana,2024-10-28,1730094764577,22.9762,72.5656,Sentinel-2B,39.2370803550194,4.69476809140788,0.536,False,52,,,,,,,,False,,,False,,,False,-,
landfill,Pirana,2024-11-02,1730526763154,22.9762,72.5656,Sentinel-2A,40.720891135429,4.75805120967055,0.586,False,73,,,,,,,,False,,,False,,,False,-,
landfill,Pirana,2024-11-07,1730958757051,22.9762,72.5656,Sentinel-2B,42.1548898825984,4.86104447561638,0.297,False,0,,,,,,,,False,,,False,,,False,-,
landfill,Pirana,2024-11-12,1731390762434,22.9762,72.5656,Sentinel-2A,43.4980707293476,4.80155394915135,0.471,False,0,,,,,,,,False,,,False,,,False,-,
landfill,Pirana,2024-11-17,1731822761523,22.9762,72.5656,Sentinel-2B,44.7602061564411,4.78406603577618,0.395,False,0,,,,,,,,False,,,False,,,False,-,
landfill,Pirana,2024-11-22,1732254763075,22.9762,72.5656,Sentinel-2A,45.915138804902,4.80302085290505,0.521,False,21,,,,,,,,False,,,False,,,False,-,
landfill,Pirana,2024-11-27,1732686765425,22.9762,72.5656,Sentinel-2B,46.9513039136516,4.69668063123766,0.821,False,202,,,,,,,,False,,,False,,,False,-,
landfill,Pirana,2024-12-02,1733118763887,22.9762,72.5656,Sentinel-2A,47.8614061053761,4.77477989275085,0.883,True,284,-3.825103759765625,-0.8824920654296875,3.925584162709988,4498.0,0.0022,0.0119,0.0108,False,3.7,69.0,False,227.0,104.0,False,T3,brightening (fresh waste / drying / earthworks)
landfill,Pirana,2024-12-07,1733550764188,22.9762,72.5656,Sentinel-2B,48.6250971352413,4.76109972299023,0.446,False,0,,,,,,,,False,,,False,,,False,-,
landfill,Pirana,2024-12-12,1733982764601,22.9762,72.5656,Sentinel-2A,49.2337580232696,4.75576799806071,0.52,False,35,,,,,,,,False,,,False,,,False,-,
landfill,Pirana,2024-12-17,1734414764799,22.9762,72.5656,Sentinel-2B,49.6800625877166,4.7553875091867,0.505,False,12,,,,,,,,False,,,False,,,False,-,
landfill,Pirana,2024-12-22,1734846763969,22.9762,72.5656,Sentinel-2A,49.9596265673586,4.76347443955407,0.291,False,0,,,,,,,,False,,,False,,,False,-,
landfill,Pirana,2025-01-01,1735710764146,22.9762,72.5656,Sentinel-2A,49.9946164160175,4.74482722510392,0.38,False,0,,,,,,,,False,,,False,,,False,-,
landfill,Pirana,2025-01-06,1736142764084,22.9762,72.5656,Sentinel-2B,49.7476016381139,4.789340694086,0.623,False,68,,,,,,,,False,,,False,,,False,-,
landfill,Pirana,2025-01-11,1736574760440,22.9762,72.5656,Sentinel-2A,49.3311165071884,4.84662189079623,0.299,False,0,,,,,,,,False,,,False,,,False,-,
landfill,Pirana,2025-01-16,1737006762090,22.9762,72.5656,Sentinel-2B,48.7345918397881,4.8109833291276,0.81,False,114,,,,,,,,False,,,False,,,False,-,
landfill,Pirana,2025-01-21,1737438762623,22.9762,72.5656,Sentinel-2A,47.9748922349305,4.79879058780593,0.708,False,109,,,,,,,,False,,,False,,,False,-,
landfill,Pirana,2025-01-26,1737870766111,22.9762,72.5656,Sentinel-2B,47.0520911739887,4.74720279401218,0.685,False,103,,,,,,,,False,,,False,,,False,-,
landfill,Pirana,2025-01-31,1738302790822,22.9762,72.5656,Sentinel-2C,45.9389043660607,4.78209647086239,0.322,False,0,,,,,,,,False,,,False,,,False,-,
landfill,Pirana,2025-02-05,1738734765506,22.9762,72.5656,Sentinel-2B,44.7863785400417,4.79505988607193,0.349,False,0,,,,,,,,False,,,False,,,False,-,
landfill,Pirana,2025-02-10,1739166789801,22.9762,72.5656,Sentinel-2C,43.4077930862871,4.7872194453146,0.372,False,0,,,,,,,,False,,,False,,,False,-,
landfill,Pirana,2025-02-15,1739598768233,22.9762,72.5656,Sentinel-2B,42.0144343744918,4.72023449482697,0.368,False,0,,,,,,,,False,,,False,,,False,-,
landfill,Pirana,2025-03-02,1740894788250,22.9762,72.5656,Sentinel-2C,37.1391080995207,4.77721770480406,0.303,False,0,,,,,,,,False,,,False,,,False,-,
landfill,Pirana,2025-03-07,1741326766806,22.9762,72.5656,Sentinel-2B,35.4670084553467,4.71808319203608,0.341,False,0,,,,,,,,False,,,False,,,False,-,
landfill,Pirana,2025-03-12,1741758786641,22.9762,72.5656,Sentinel-2C,33.6654695868567,4.79522786721018,0.359,False,0,,,,,,,,False,,,False,,,False,-,
landfill,Pirana,2025-03-14,1741931576337,22.9762,72.5656,Sentinel-2A,32.9879094604058,4.79338509958485,0.639,False,334,,,,,,,,False,,,False,,,False,-,
landfill,Pirana,2025-03-17,1742190766070,22.9762,72.5656,Sentinel-2B,31.9596925442091,4.74184981731035,0.706,False,187,,,,,,,,False,,,False,,,False,-,
landfill,Pirana,2025-03-22,1742622786873,22.9762,72.5656,Sentinel-2C,30.1566403606467,4.74843304432074,0.617,False,294,,,,,,,,False,,,False,,,False,-,
landfill,Pirana,2025-03-27,1743054766038,22.9762,72.5656,Sentinel-2B,28.5011260954272,4.74320714105018,0.494,False,4,,,,,,,,False,,,False,,,False,-,
landfill,Pirana,2025-04-01,1743486786542,22.9762,72.5656,Sentinel-2C,26.7831232552518,4.75524059415307,0.32,False,0,,,,,,,,False,,,False,,,False,-,
landfill,Pirana,2025-04-03,1743659575275,22.9762,72.5656,Sentinel-2A,26.1728126512562,4.79229340097287,0.479,False,0,,,,,,,,False,,,False,,,False,-,
landfill,Pirana,2025-04-06,1743918764318,22.9762,72.5656,Sentinel-2B,25.2669347561287,4.7940148247902,0.329,False,0,,,,,,,,False,,,False,,,False,-,
landfill,Pirana,2025-04-11,1744350786138,22.9762,72.5656,Sentinel-2C,23.7141362746635,4.75440635038481,0.362,False,0,,,,,,,,False,,,False,,,False,-,
landfill,Pirana,2025-04-16,1744782766424,22.9762,72.5656,Sentinel-2B,22.4116423983177,4.72345060431984,0.43,False,0,,,,,,,,False,,,False,,,False,-,
landfill,Pirana,2025-04-21,1745214785329,22.9762,72.5656,Sentinel-2C,21.1230426348694,4.73960238190457,0.555,False,73,,,,,,,,False,,,False,,,False,-,
landfill,Pirana,2025-04-23,1745387577844,22.9762,72.5656,Sentinel-2A,20.7015040315515,4.71346935392441,0.626,False,104,,,,,,,,False,,,False,,,False,-,
landfill,Pirana,2025-04-26,1745646764714,22.9762,72.5656,Sentinel-2B,20.1269762497436,4.74496390191418,0.355,False,0,,,,,,,,False,,,False,,,False,-,
landfill,Pirana,2025-05-01,1746078785562,22.9762,72.5656,Sentinel-2C,19.1581200218148,4.72101413118136,0.33,False,0,,,,,,,,False,,,False,,,False,-,
landfill,Pirana,2025-05-16,1747374764048,22.9762,72.5656,Sentinel-2B,17.6142478541347,4.73980569422874,0.378,False,0,,,,,,,,False,,,False,,,False,-,
landfill,Pirana,2025-05-21,1747806782083,22.9762,72.5656,Sentinel-2C,17.3359687864133,4.78764785198297,0.44,False,0,,,,,,,,False,,,False,,,False,-,
landfill,Pirana,2025-05-31,1748670784247,22.9762,72.5656,Sentinel-2C,17.2958565613517,4.73451237674191,0.471,False,0,,,,,,,,False,,,False,,,False,-,
landfill,Pirana,2025-06-10,1749534783286,22.9762,72.5656,Sentinel-2C,17.4703038434179,3.95832912913013,0.485,False,0,,,,,,,,False,,,False,,,False,-,
landfill,Pirana,2025-10-08,1759902777945,22.9762,72.5656,Sentinel-2C,33.0094973781228,4.78087852845276,0.382,False,0,,,,,,,,False,,,False,,,False,-,
landfill,Pirana,2025-10-13,1760334763008,22.9762,72.5656,Sentinel-2B,34.5655385456507,4.76656226977761,0.49,False,2,,,,,,,,False,,,False,,,False,-,
landfill,Pirana,2025-10-18,1760766774811,22.9762,72.5656,Sentinel-2C,36.0889684336358,4.8584609593338,0.803,False,370,,,,,,,,False,,,False,,,False,-,
landfill,Pirana,2025-10-23,1761198763782,22.9762,72.5656,Sentinel-2B,37.6500511460816,4.75021627967782,0.316,False,0,,,,,,,,False,,,False,,,False,-,
landfill,Pirana,2025-11-07,1762494775741,22.9762,72.5656,Sentinel-2C,42.0616651330562,4.73378484362884,0.311,False,0,,,,,,,,False,,,False,,,False,-,
landfill,Pirana,2025-11-09,1762667579206,22.9762,72.5656,Sentinel-2A,42.6080787615479,4.79873648616031,0.416,False,0,,,,,,,,False,,,False,,,False,-,
landfill,Pirana,2025-11-12,1762926760148,22.9762,72.5656,Sentinel-2B,43.4383575787271,4.79145138809349,0.324,False,0,,,,,,,,False,,,False,,,False,-,
landfill,Pirana,2025-11-17,1763358773148,22.9762,72.5656,Sentinel-2C,44.6873742430774,4.78221799583179,0.594,False,41,,,,,,,,False,,,False,,,False,-,
landfill,Pirana,2025-11-22,1763790754823,22.9762,72.5656,Sentinel-2B,45.871620276288,4.90347297450959,0.333,False,0,,,,,,,,False,,,False,,,False,-,
landfill,Pirana,2025-11-29,1764395580843,22.9762,72.5656,Sentinel-2A,47.2675580478702,4.79248355379438,0.413,False,0,,,,,,,,False,,,False,,,False,-,
landfill,Pirana,2025-12-02,1764654758549,22.9762,72.5656,Sentinel-2B,47.8292732333744,4.82891584707167,0.517,False,27,,,,,,,,False,,,False,,,False,-,
landfill,Pirana,2025-12-07,1765086770804,22.9762,72.5656,Sentinel-2C,48.5508465652505,3.93358445195464,0.263,False,0,,,,,,,,False,,,False,,,False,-,
landfill,Pirana,2025-12-12,1765518761555,22.9762,72.5656,Sentinel-2B,49.2115539412583,4.76830099050396,0.376,False,0,,,,,,,,False,,,False,,,False,-,
landfill,Pirana,2025-12-17,1765950771841,22.9762,72.5656,Sentinel-2C,49.6523983025027,4.73225269249898,0.392,False,0,,,,,,,,False,,,False,,,False,-,
landfill,Pirana,2025-12-19,1766123580144,22.9762,72.5656,Sentinel-2A,49.7755731476315,4.84789873043772,0.486,False,0,,,,,,,,False,,,False,,,False,-,
landfill,Pirana,2025-12-27,1766814771464,22.9762,72.5656,Sentinel-2C,50.0533481612961,4.72229194930533,0.385,False,0,,,,,,,,False,,,False,,,False,-,
control,Ghazipur control,2024-05-08,1715146864325,28.669700000000002,77.3272,Sentinel-2B,18.6519441448147,5.84379465731372,0.476,False,5,,,,,,,,False,,,False,,,False,-,
control,Ghazipur control,2024-05-13,1715578866634,28.669700000000002,77.3272,Sentinel-2A,17.8270076280303,5.85362276079268,0.368,False,0,,,,,,,,False,,,False,,,False,-,
control,Ghazipur control,2024-05-18,1716010861919,28.669700000000002,77.3272,Sentinel-2B,17.1980575197317,5.75930177919578,0.377,False,0,,,,,,,,False,,,False,,,False,-,
control,Ghazipur control,2024-05-23,1716442862528,28.669700000000002,77.3272,Sentinel-2A,16.7209052852162,5.72951441687008,0.178,False,0,,,,,,,,False,,,False,,,False,-,
control,Ghazipur control,2024-05-28,1716874863369,28.669700000000002,77.3272,Sentinel-2B,16.4024334194119,5.79490617097699,0.331,False,0,,,,,,,,False,,,False,,,False,-,
control,Ghazipur control,2024-06-02,1717306867501,28.669700000000002,77.3272,Sentinel-2A,16.2179500742641,5.85070439274351,0.325,False,0,,,,,,,,False,,,False,,,False,-,
control,Ghazipur control,2024-06-07,1717738866328,28.669700000000002,77.3272,Sentinel-2B,16.179428158952,5.85549743089811,0.323,False,0,,,,,,,,False,,,False,,,False,-,
control,Ghazipur control,2024-06-12,1718170869621,28.669700000000002,77.3272,Sentinel-2A,16.2308348958206,5.90280023379322,0.362,False,0,,,,,,,,False,,,False,,,False,-,
control,Ghazipur control,2024-06-17,1718602866250,28.669700000000002,77.3272,Sentinel-2B,16.3915009591884,5.83196889758658,0.474,False,0,,,,,,,,False,,,False,,,False,-,
control,Ghazipur control,2024-06-22,1719034868149,28.669700000000002,77.3272,Sentinel-2A,16.601856192058,5.85071667245834,0.308,False,0,,,,,,,,False,,,False,,,False,-,
control,Ghazipur control,2024-08-31,1725082862650,28.669700000000002,77.3272,Sentinel-2A,25.7032341600625,5.77121288769434,0.284,False,0,,,,,,,,False,,,False,,,False,-,
control,Ghazipur control,2024-09-15,1726378862562,28.669700000000002,77.3272,Sentinel-2B,29.741393809424,5.83143278382171,0.289,False,0,,,,,,,,False,,,False,,,False,-,
control,Ghazipur control,2024-09-20,1726810864558,28.669700000000002,77.3272,Sentinel-2A,31.2355063943319,5.83568095233254,0.295,False,0,,,,,,,,False,,,False,,,False,-,
control,Ghazipur control,2024-10-05,1728106864321,28.669700000000002,77.3272,Sentinel-2B,36.0412779329118,5.85850426271818,0.292,False,0,,,,,,,,False,,,False,,,False,-,
control,Ghazipur control,2024-10-10,1728538860636,28.669700000000002,77.3272,Sentinel-2A,37.704135340614,5.73435973516998,0.34,False,0,,,,,,,,False,,,False,,,False,-,
control,Ghazipur control,2024-10-15,1728970863196,28.669700000000002,77.3272,Sentinel-2B,39.3594254825499,5.83153340026374,0.466,False,0,,,,,,,,False,,,False,,,False,-,
control,Ghazipur control,2024-10-20,1729402863490,28.669700000000002,77.3272,Sentinel-2A,41.0043838409224,5.82518531340613,0.435,False,0,,,,,,,,False,,,False,,,False,-,
control,Ghazipur control,2024-10-25,1729834864291,28.669700000000002,77.3272,Sentinel-2B,42.6209835239269,5.88271403706891,0.212,False,0,,,,,,,,False,,,False,,,False,-,
control,Ghazipur control,2024-10-30,1730266864025,28.669700000000002,77.3272,Sentinel-2A,44.1950612059361,5.85956038689397,0.358,False,0,,,,,,,,False,,,False,,,False,-,
control,Ghazipur control,2024-11-04,1730698860339,28.669700000000002,77.3272,Sentinel-2B,45.7123619849222,5.78784393119467,0.283,False,0,,,,,,,,False,,,False,,,False,-,
control,Ghazipur control,2024-11-09,1731130860892,28.669700000000002,77.3272,Sentinel-2A,47.1474655138773,5.76186670201065,0.179,False,0,,,,,,,,False,,,False,,,False,-,
control,Ghazipur control,2024-11-24,1732426864567,28.669700000000002,77.3272,Sentinel-2B,50.8368129287135,5.86966862157572,0.261,False,0,,,,,,,,False,,,False,,,False,-,
control,Ghazipur control,2024-11-29,1732858862194,28.669700000000002,77.3272,Sentinel-2A,51.821550712467,5.76051739608829,0.276,False,0,,,,,,,,False,,,False,,,False,-,
control,Ghazipur control,2024-12-04,1733290863990,28.669700000000002,77.3272,Sentinel-2B,52.6562108149024,5.82535177363519,0.232,False,0,,,,,,,,False,,,False,,,False,-,
control,Ghazipur control,2024-12-09,1733722864681,28.669700000000002,77.3272,Sentinel-2A,53.3351105881039,5.8323123084407,0.228,False,0,,,,,,,,False,,,False,,,False,-,
control,Ghazipur control,2024-12-14,1734154864794,28.669700000000002,77.3272,Sentinel-2B,53.848656639062,5.82375299518936,0.258,False,0,,,,,,,,False,,,False,,,False,-,
control,Ghazipur control,2024-12-19,1734586862539,28.669700000000002,77.3272,Sentinel-2A,54.1927810951788,5.77729227500906,0.267,False,0,,,,,,,,False,,,False,,,False,-,
control,Ghazipur control,2024-12-29,1735450864495,28.669700000000002,77.3272,Sentinel-2A,54.3391760273823,5.84186537760651,0.365,False,0,,,,,,,,False,,,False,,,False,-,
control,Ghazipur control,2025-01-13,1736746862824,28.669700000000002,77.3272,Sentinel-2B,53.2067243365043,5.7720788726697,0.265,False,0,,,,,,,,False,,,False,,,False,-,
control,Ghazipur control,2025-01-23,1737610865067,28.669700000000002,77.3272,Sentinel-2B,51.5768174707937,5.80288140638022,0.484,False,0,,,,,,,,False,,,False,,,False,-,
control,Ghazipur control,2025-01-28,1738042891272,28.669700000000002,77.3272,Sentinel-2C,50.4820657027429,5.81842910190389,0.282,False,0,,,,,,,,False,,,False,,,False,-,
control,Ghazipur control,2025-02-02,1738474865957,28.669700000000002,77.3272,Sentinel-2B,49.3208765389585,5.81913040395034,0.271,False,0,,,,,,,,False,,,False,,,False,-,
control,Ghazipur control,2025-02-07,1738906890210,28.669700000000002,77.3272,Sentinel-2C,47.9434316455008,5.81640080069567,0.395,False,0,,,,,,,,False,,,False,,,False,-,
control,Ghazipur control,2025-03-04,1741066866685,28.669700000000002,77.3272,Sentinel-2B,39.7517160123154,5.87243757856152,0.28,False,0,,,,,,,,False,,,False,,,False,-,
control,Ghazipur control,2025-03-09,1741498887224,28.669700000000002,77.3272,Sentinel-2C,37.8626712973508,5.80126481582195,0.268,False,0,,,,,,,,False,,,False,,,False,-,
control,Ghazipur control,2025-03-14,1741930865218,28.669700000000002,77.3272,Sentinel-2B,36.0309499504767,5.82872975110024,0.297,False,0,,,,,,,,False,,,False,,,False,-,
control,Ghazipur control,2025-03-19,1742362887134,28.669700000000002,77.3272,Sentinel-2C,34.0973217680157,5.83827492181771,0.239,False,0,,,,,,,,False,,,False,,,False,-,
control,Ghazipur control,2025-03-24,1742794866496,28.669700000000002,77.3272,Sentinel-2B,32.261287814952,5.86293668330893,0.288,False,0,,,,,,,,False,,,False,,,False,-,
control,Ghazipur control,2025-03-31,1743399673490,28.669700000000002,77.3272,Sentinel-2A,29.6597756546653,5.74838208927861,0.306,False,0,,,,,,,,False,,,False,,,False,-,
control,Ghazipur control,2025-04-03,1743658862212,28.669700000000002,77.3272,Sentinel-2B,28.6056649549392,5.75296637866316,0.348,False,0,,,,,,,,False,,,False,,,False,-,
control,Ghazipur control,2025-04-08,1744090886468,28.669700000000002,77.3272,Sentinel-2C,26.7981036533986,5.84408883825964,0.574,False,26,,,,,,,,False,,,False,,,False,-,
control,Ghazipur control,2025-04-13,1744522866204,28.669700000000002,77.3272,Sentinel-2B,25.1795820982763,5.85845328228999,0.412,False,0,,,,,,,,False,,,False,,,False,-,
control,Ghazipur control,2025-04-18,1744954884209,28.669700000000002,77.3272,Sentinel-2C,23.5644490126876,5.80944133357151,0.394,False,0,,,,,,,,False,,,False,,,False,-,
control,Ghazipur control,2025-04-20,1745127676870,28.669700000000002,77.3272,Sentinel-2A,22.9881275298591,5.87052220022566,0.351,False,0,,,,,,,,False,,,False,,,False,-,
control,Ghazipur control,2025-04-23,1745386864501,28.669700000000002,77.3272,Sentinel-2B,22.1668708831212,5.83102180226687,0.294,False,0,,,,,,,,False,,,False,,,False,-,
control,Ghazipur control,2025-04-28,1745818885589,28.669700000000002,77.3272,Sentinel-2C,20.7943235430211,5.87335105371049,0.436,False,0,,,,,,,,False,,,False,,,False,-,
control,Ghazipur control,2025-05-13,1747114864291,28.669700000000002,77.3272,Sentinel-2B,17.8670837212108,5.87839272985576,0.329,False,0,,,,,,,,False,,,False,,,False,-,
control,Ghazipur control,2025-05-18,1747546880784,28.669700000000002,77.3272,Sentinel-2C,17.1595025013794,5.77206429147198,0.348,False,0,,,,,,,,False,,,False,,,False,-,
control,Ghazipur control,2025-05-23,1747978864712,28.669700000000002,77.3272,Sentinel-2B,16.7293072124985,5.85452548164054,0.252,False,0,,,,,,,,False,,,False,,,False,-,
control,Ghazipur control,2025-06-02,1748842864326,28.669700000000002,77.3272,Sentinel-2B,16.2349217461372,5.82550600316405,0.53,False,40,,,,,,,,False,,,False,,,False,-,
control,Ghazipur control,2025-06-07,1749274883977,28.669700000000002,77.3272,Sentinel-2C,16.1161800910093,5.83511268661792,0.329,False,0,,,,,,,,False,,,False,,,False,-,
control,Ghazipur control,2025-06-12,1749706861490,28.669700000000002,77.3272,Sentinel-2B,16.2515387572656,5.72551137148683,0.341,False,0,,,,,,,,False,,,False,,,False,-,
control,Ghazipur control,2025-09-25,1758778878495,28.669700000000002,77.3272,Sentinel-2C,32.6999813694311,5.81173473587395,0.322,False,0,,,,,,,,False,,,False,,,False,-,
control,Ghazipur control,2025-10-10,1760074861883,28.669700000000002,77.3272,Sentinel-2B,37.6239052110935,5.78379656666331,0.328,False,0,,,,,,,,False,,,False,,,False,-,
control,Ghazipur control,2025-10-15,1760506874678,28.669700000000002,77.3272,Sentinel-2C,39.2660551694061,5.74351648016938,0.488,False,4,,,,,,,,False,,,False,,,False,-,
control,Ghazipur control,2025-10-17,1760679677498,28.669700000000002,77.3272,Sentinel-2A,39.9243356268403,5.80029720276764,0.316,False,0,,,,,,,,False,,,False,,,False,-,
control,Ghazipur control,2025-10-20,1760938863667,28.669700000000002,77.3272,Sentinel-2B,40.9292134764301,5.83457403226805,0.229,False,0,,,,,,,,False,,,False,,,False,-,
control,Ghazipur control,2025-10-25,1761370876244,28.669700000000002,77.3272,Sentinel-2C,42.5346248886298,5.81529467795348,0.198,False,0,,,,,,,,False,,,False,,,False,-,
control,Ghazipur control,2025-11-06,1762407679687,28.669700000000002,77.3272,Sentinel-2A,46.2069856371413,5.79059208885692,0.377,False,0,,,,,,,,False,,,False,,,False,-,
control,Ghazipur control,2025-11-09,1762666859446,28.669700000000002,77.3272,Sentinel-2B,47.0820421950965,5.761627208803,0.324,False,0,,,,,,,,False,,,False,,,False,-,
control,Ghazipur control,2025-11-14,1763098872843,28.669700000000002,77.3272,Sentinel-2C,48.4154881612013,5.80201119497044,0.232,False,0,,,,,,,,False,,,False,,,False,-,
control,Ghazipur control,2025-11-19,1763530858917,28.669700000000002,77.3272,Sentinel-2B,49.6725861111645,5.77118478864463,0.261,False,0,,,,,,,,False,,,False,,,False,-,
control,Ghazipur control,2025-11-24,1763962873105,28.669700000000002,77.3272,Sentinel-2C,50.7797312474332,5.85870089351845,0.177,False,0,,,,,,,,False,,,False,,,False,-,
control,Ghazipur control,2025-11-26,1764135680674,28.669700000000002,77.3272,Sentinel-2A,51.1838109291934,5.79279819456555,0.289,False,0,,,,,,,,False,,,False,,,False,-,
control,Ghazipur control,2025-11-29,1764394856635,28.669700000000002,77.3272,Sentinel-2B,51.7853106179217,5.7033739074725,0.156,False,0,,,,,,,,False,,,False,,,False,-,
control,Ghazipur control,2025-12-09,1765258860808,28.669700000000002,77.3272,Sentinel-2B,53.3094360869993,5.80214514203314,0.243,False,0,,,,,,,,False,,,False,,,False,-,
control,Ghazipur control,2025-12-16,1765863678742,28.669700000000002,77.3272,Sentinel-2A,53.9727671646669,5.71553320298063,0.31,False,0,,,,,,,,False,,,False,,,False,-,
control,Ghazipur control,2025-12-24,1766554871158,28.669700000000002,77.3272,Sentinel-2C,54.3439623886742,5.86122953550901,0.245,False,0,,,,,,,,False,,,False,,,False,-,
control,Bhalswa control,2024-05-08,1715146864325,28.785600000000002,77.1582,Sentinel-2B,18.6519441448147,5.84379465731372,0.511,False,33,,,,,,,,False,,,False,,,False,-,
control,Bhalswa control,2024-05-13,1715578866634,28.785600000000002,77.1582,Sentinel-2A,17.8270076280303,5.85362276079268,0.607,False,165,,,,,,,,False,,,False,,,False,-,
control,Bhalswa control,2024-05-18,1716010861919,28.785600000000002,77.1582,Sentinel-2B,17.1980575197317,5.75930177919578,0.814,False,232,,,,,,,,False,,,False,,,False,-,
control,Bhalswa control,2024-05-23,1716442862528,28.785600000000002,77.1582,Sentinel-2A,16.7209052852162,5.72951441687008,0.627,False,100,,,,,,,,False,,,False,,,False,-,
control,Bhalswa control,2024-05-28,1716874863369,28.785600000000002,77.1582,Sentinel-2B,16.4024334194119,5.79490617097699,0.549,False,40,,,,,,,,False,,,False,,,False,-,
control,Bhalswa control,2024-06-02,1717306867501,28.785600000000002,77.1582,Sentinel-2A,16.2179500742641,5.85070439274351,0.463,False,0,,,,,,,,False,,,False,,,False,-,
control,Bhalswa control,2024-06-07,1717738866328,28.785600000000002,77.1582,Sentinel-2B,16.179428158952,5.85549743089811,0.491,False,0,,,,,,,,False,,,False,,,False,-,
control,Bhalswa control,2024-06-12,1718170869621,28.785600000000002,77.1582,Sentinel-2A,16.2308348958206,5.90280023379322,0.393,False,0,,,,,,,,False,,,False,,,False,-,
control,Bhalswa control,2024-06-17,1718602866250,28.785600000000002,77.1582,Sentinel-2B,16.3915009591884,5.83196889758658,0.49,False,0,,,,,,,,False,,,False,,,False,-,
control,Bhalswa control,2024-06-22,1719034868149,28.785600000000002,77.1582,Sentinel-2A,16.601856192058,5.85071667245834,0.388,False,0,,,,,,,,False,,,False,,,False,-,
control,Bhalswa control,2024-08-31,1725082862650,28.785600000000002,77.1582,Sentinel-2A,25.7032341600625,5.77121288769434,0.345,False,0,,,,,,,,False,,,False,,,False,-,
control,Bhalswa control,2024-09-20,1726810864558,28.785600000000002,77.1582,Sentinel-2A,31.2355063943319,5.83568095233254,0.313,False,0,,,,,,,,False,,,False,,,False,-,
control,Bhalswa control,2024-10-05,1728106864321,28.785600000000002,77.1582,Sentinel-2B,36.0412779329118,5.85850426271818,0.32,False,0,,,,,,,,False,,,False,,,False,-,
control,Bhalswa control,2024-10-10,1728538860636,28.785600000000002,77.1582,Sentinel-2A,37.704135340614,5.73435973516998,0.454,False,0,,,,,,,,False,,,False,,,False,-,
control,Bhalswa control,2024-10-15,1728970863196,28.785600000000002,77.1582,Sentinel-2B,39.3594254825499,5.83153340026374,0.596,False,159,,,,,,,,False,,,False,,,False,-,
control,Bhalswa control,2024-10-20,1729402863490,28.785600000000002,77.1582,Sentinel-2A,41.0043838409224,5.82518531340613,0.286,False,0,,,,,,,,False,,,False,,,False,-,
control,Bhalswa control,2024-10-25,1729834864291,28.785600000000002,77.1582,Sentinel-2B,42.6209835239269,5.88271403706891,0.334,False,0,,,,,,,,False,,,False,,,False,-,
control,Bhalswa control,2024-10-30,1730266864025,28.785600000000002,77.1582,Sentinel-2A,44.1950612059361,5.85956038689397,0.323,False,0,,,,,,,,False,,,False,,,False,-,
control,Bhalswa control,2024-11-04,1730698860339,28.785600000000002,77.1582,Sentinel-2B,45.7123619849222,5.78784393119467,0.286,False,0,,,,,,,,False,,,False,,,False,-,
control,Bhalswa control,2024-11-09,1731130860892,28.785600000000002,77.1582,Sentinel-2A,47.1474655138773,5.76186670201065,0.327,False,0,,,,,,,,False,,,False,,,False,-,
control,Bhalswa control,2024-11-19,1731994863252,28.785600000000002,77.1582,Sentinel-2A,49.7227909064007,5.80779629731391,0.32,False,0,,,,,,,,False,,,False,,,False,-,
control,Bhalswa control,2024-11-24,1732426864567,28.785600000000002,77.1582,Sentinel-2B,50.8368129287135,5.86966862157572,0.374,False,0,,,,,,,,False,,,False,,,False,-,
control,Bhalswa control,2024-11-29,1732858862194,28.785600000000002,77.1582,Sentinel-2A,51.821550712467,5.76051739608829,0.322,False,0,,,,,,,,False,,,False,,,False,-,
control,Bhalswa control,2024-12-04,1733290863990,28.785600000000002,77.1582,Sentinel-2B,52.6562108149024,5.82535177363519,0.318,False,0,,,,,,,,False,,,False,,,False,-,
control,Bhalswa control,2024-12-09,1733722864681,28.785600000000002,77.1582,Sentinel-2A,53.3351105881039,5.8323123084407,0.384,False,0,,,,,,,,False,,,False,,,False,-,
control,Bhalswa control,2024-12-14,1734154864794,28.785600000000002,77.1582,Sentinel-2B,53.848656639062,5.82375299518936,0.272,False,0,,,,,,,,False,,,False,,,False,-,
control,Bhalswa control,2024-12-19,1734586862539,28.785600000000002,77.1582,Sentinel-2A,54.1927810951788,5.77729227500906,0.381,False,0,,,,,,,,False,,,False,,,False,-,
control,Bhalswa control,2024-12-29,1735450864495,28.785600000000002,77.1582,Sentinel-2A,54.3391760273823,5.84186537760651,0.31,False,0,,,,,,,,False,,,False,,,False,-,
control,Bhalswa control,2025-01-23,1737610865067,28.785600000000002,77.1582,Sentinel-2B,51.5768174707937,5.80288140638022,0.362,False,0,,,,,,,,False,,,False,,,False,-,
control,Bhalswa control,2025-01-28,1738042891272,28.785600000000002,77.1582,Sentinel-2C,50.4820657027429,5.81842910190389,0.374,False,0,,,,,,,,False,,,False,,,False,-,
control,Bhalswa control,2025-02-07,1738906890210,28.785600000000002,77.1582,Sentinel-2C,47.9434316455008,5.81640080069567,0.342,False,0,,,,,,,,False,,,False,,,False,-,
control,Bhalswa control,2025-02-22,1740202863981,28.785600000000002,77.1582,Sentinel-2B,43.2915633184148,5.81375353098582,0.31,False,0,,,,,,,,False,,,False,,,False,-,
control,Bhalswa control,2025-03-04,1741066866685,28.785600000000002,77.1582,Sentinel-2B,39.7517160123154,5.87243757856152,0.289,False,0,,,,,,,,False,,,False,,,False,-,
control,Bhalswa control,2025-03-09,1741498887224,28.785600000000002,77.1582,Sentinel-2C,37.8626712973508,5.80126481582195,0.294,False,0,,,,,,,,False,,,False,,,False,-,
control,Bhalswa control,2025-03-14,1741930865218,28.785600000000002,77.1582,Sentinel-2B,36.0309499504767,5.82872975110024,0.323,False,0,,,,,,,,False,,,False,,,False,-,
control,Bhalswa control,2025-03-19,1742362887134,28.785600000000002,77.1582,Sentinel-2C,34.0973217680157,5.83827492181771,0.431,False,0,,,,,,,,False,,,False,,,False,-,
control,Bhalswa control,2025-03-24,1742794866496,28.785600000000002,77.1582,Sentinel-2B,32.261287814952,5.86293668330893,0.419,False,0,,,,,,,,False,,,False,,,False,-,
control,Bhalswa control,2025-03-31,1743399673490,28.785600000000002,77.1582,Sentinel-2A,29.6597756546653,5.74838208927861,0.528,False,77,,,,,,,,False,,,False,,,False,-,
control,Bhalswa control,2025-04-03,1743658862212,28.785600000000002,77.1582,Sentinel-2B,28.6056649549392,5.75296637866316,0.605,False,196,,,,,,,,False,,,False,,,False,-,
control,Bhalswa control,2025-04-08,1744090886468,28.785600000000002,77.1582,Sentinel-2C,26.7981036533986,5.84408883825964,0.361,False,0,,,,,,,,False,,,False,,,False,-,
control,Bhalswa control,2025-04-13,1744522866204,28.785600000000002,77.1582,Sentinel-2B,25.1795820982763,5.85845328228999,0.361,False,0,,,,,,,,False,,,False,,,False,-,
control,Bhalswa control,2025-04-18,1744954884209,28.785600000000002,77.1582,Sentinel-2C,23.5644490126876,5.80944133357151,0.361,False,0,,,,,,,,False,,,False,,,False,-,
control,Bhalswa control,2025-04-20,1745127676870,28.785600000000002,77.1582,Sentinel-2A,22.9881275298591,5.87052220022566,0.404,False,0,,,,,,,,False,,,False,,,False,-,
control,Bhalswa control,2025-04-23,1745386864501,28.785600000000002,77.1582,Sentinel-2B,22.1668708831212,5.83102180226687,0.385,False,0,,,,,,,,False,,,False,,,False,-,
control,Bhalswa control,2025-04-28,1745818885589,28.785600000000002,77.1582,Sentinel-2C,20.7943235430211,5.87335105371049,0.425,False,0,,,,,,,,False,,,False,,,False,-,
control,Bhalswa control,2025-05-13,1747114864291,28.785600000000002,77.1582,Sentinel-2B,17.8670837212108,5.87839272985576,0.326,False,0,,,,,,,,False,,,False,,,False,-,
control,Bhalswa control,2025-05-18,1747546880784,28.785600000000002,77.1582,Sentinel-2C,17.1595025013794,5.77206429147198,0.376,False,0,,,,,,,,False,,,False,,,False,-,
control,Bhalswa control,2025-05-23,1747978864712,28.785600000000002,77.1582,Sentinel-2B,16.7293072124985,5.85452548164054,0.39,False,0,,,,,,,,False,,,False,,,False,-,
control,Bhalswa control,2025-05-28,1748410883520,28.785600000000002,77.1582,Sentinel-2C,16.3444878587678,5.83057808042699,0.657,False,547,,,,,,,,False,,,False,,,False,-,
control,Bhalswa control,2025-06-02,1748842864326,28.785600000000002,77.1582,Sentinel-2B,16.2349217461372,5.82550600316405,0.546,False,79,,,,,,,,False,,,False,,,False,-,
control,Bhalswa control,2025-06-07,1749274883977,28.785600000000002,77.1582,Sentinel-2C,16.1161800910093,5.83511268661792,0.367,False,0,,,,,,,,False,,,False,,,False,-,
control,Bhalswa control,2025-06-12,1749706861490,28.785600000000002,77.1582,Sentinel-2B,16.2515387572656,5.72551137148683,0.33,False,0,,,,,,,,False,,,False,,,False,-,
control,Bhalswa control,2025-06-27,1751002884235,28.785600000000002,77.1582,Sentinel-2C,16.8056885116991,5.81491559484587,0.347,False,0,,,,,,,,False,,,False,,,False,-,
control,Bhalswa control,2025-09-15,1757914876852,28.785600000000002,77.1582,Sentinel-2C,29.6439293554706,5.77107959732497,0.501,False,11,,,,,,,,False,,,False,,,False,-,
control,Bhalswa control,2025-09-20,1758346861661,28.785600000000002,77.1582,Sentinel-2B,31.1719278289055,5.78478101746156,0.306,False,0,,,,,,,,False,,,False,,,False,-,
control,Bhalswa control,2025-09-25,1758778878495,28.785600000000002,77.1582,Sentinel-2C,32.6999813694311,5.81173473587395,0.794,False,377,,,,,,,,False,,,False,,,False,-,
control,Bhalswa control,2025-09-27,1758951679058,28.785600000000002,77.1582,Sentinel-2A,33.336689076367,5.83580014348337,0.52,False,27,,,,,,,,False,,,False,,,False,-,
control,Bhalswa control,2025-10-05,1759642878460,28.785600000000002,77.1582,Sentinel-2C,35.9441524870556,5.81752685519971,0.446,False,0,,,,,,,,False,,,False,,,False,-,
control,Bhalswa control,2025-10-10,1760074861883,28.785600000000002,77.1582,Sentinel-2B,37.6239052110935,5.78379656666331,0.349,False,0,,,,,,,,False,,,False,,,False,-,
control,Bhalswa control,2025-10-15,1760506874678,28.785600000000002,77.1582,Sentinel-2C,39.2660551694061,5.74351648016938,0.331,False,0,,,,,,,,False,,,False,,,False,-,
control,Bhalswa control,2025-10-17,1760679677498,28.785600000000002,77.1582,Sentinel-2A,39.9243356268403,5.80029720276764,0.391,False,0,,,,,,,,False,,,False,,,False,-,
control,Bhalswa control,2025-10-20,1760938863667,28.785600000000002,77.1582,Sentinel-2B,40.9292134764301,5.83457403226805,0.381,False,0,,,,,,,,False,,,False,,,False,-,
control,Bhalswa control,2025-10-25,1761370876244,28.785600000000002,77.1582,Sentinel-2C,42.5346248886298,5.81529467795348,0.386,False,0,,,,,,,,False,,,False,,,False,-,
control,Bhalswa control,2025-11-06,1762407679687,28.785600000000002,77.1582,Sentinel-2A,46.2069856371413,5.79059208885692,0.357,False,0,,,,,,,,False,,,False,,,False,-,
control,Bhalswa control,2025-11-09,1762666859446,28.785600000000002,77.1582,Sentinel-2B,47.0820421950965,5.761627208803,0.359,False,0,,,,,,,,False,,,False,,,False,-,
control,Bhalswa control,2025-11-14,1763098872843,28.785600000000002,77.1582,Sentinel-2C,48.4154881612013,5.80201119497044,0.353,False,0,,,,,,,,False,,,False,,,False,-,
control,Bhalswa control,2025-11-19,1763530858917,28.785600000000002,77.1582,Sentinel-2B,49.6725861111645,5.77118478864463,0.506,False,19,,,,,,,,False,,,False,,,False,-,
control,Bhalswa control,2025-11-24,1763962873105,28.785600000000002,77.1582,Sentinel-2C,50.7797312474332,5.85870089351845,0.439,False,0,,,,,,,,False,,,False,,,False,-,
control,Bhalswa control,2025-11-26,1764135680674,28.785600000000002,77.1582,Sentinel-2A,51.1838109291934,5.79279819456555,0.584,False,152,,,,,,,,False,,,False,,,False,-,
control,Bhalswa control,2025-11-29,1764394856635,28.785600000000002,77.1582,Sentinel-2B,51.7853106179217,5.7033739074725,0.321,False,0,,,,,,,,False,,,False,,,False,-,
control,Bhalswa control,2025-12-09,1765258860808,28.785600000000002,77.1582,Sentinel-2B,53.3094360869993,5.80214514203314,0.359,False,0,,,,,,,,False,,,False,,,False,-,
control,Bhalswa control,2025-12-16,1765863678742,28.785600000000002,77.1582,Sentinel-2A,53.9727671646669,5.71553320298063,0.306,False,0,,,,,,,,False,,,False,,,False,-,
control,Bhalswa control,2025-12-24,1766554871158,28.785600000000002,77.1582,Sentinel-2C,54.3439623886742,5.86122953550901,0.331,False,0,,,,,,,,False,,,False,,,False,-,
control,Okhla control,2024-05-08,1715146864325,28.5575,77.2835,Sentinel-2B,18.6519441448147,5.84379465731372,0.345,False,0,,,,,,,,False,,,False,,,False,-,
control,Okhla control,2024-05-13,1715578866634,28.5575,77.2835,Sentinel-2A,17.8270076280303,5.85362276079268,0.332,False,0,,,,,,,,False,,,False,,,False,-,
control,Okhla control,2024-05-18,1716010861919,28.5575,77.2835,Sentinel-2B,17.1980575197317,5.75930177919578,0.584,False,85,,,,,,,,False,,,False,,,False,-,
control,Okhla control,2024-05-23,1716442862528,28.5575,77.2835,Sentinel-2A,16.7209052852162,5.72951441687008,0.526,False,33,,,,,,,,False,,,False,,,False,-,
control,Okhla control,2024-05-28,1716874863369,28.5575,77.2835,Sentinel-2B,16.4024334194119,5.79490617097699,0.656,False,131,,,,,,,,False,,,False,,,False,-,
control,Okhla control,2024-06-02,1717306867501,28.5575,77.2835,Sentinel-2A,16.2179500742641,5.85070439274351,0.555,False,211,,,,,,,,False,,,False,,,False,-,
control,Okhla control,2024-06-07,1717738866328,28.5575,77.2835,Sentinel-2B,16.179428158952,5.85549743089811,0.225,False,0,,,,,,,,False,,,False,,,False,-,
control,Okhla control,2024-06-12,1718170869621,28.5575,77.2835,Sentinel-2A,16.2308348958206,5.90280023379322,0.711,False,403,,,,,,,,False,,,False,,,False,-,
control,Okhla control,2024-06-17,1718602866250,28.5575,77.2835,Sentinel-2B,16.3915009591884,5.83196889758658,0.466,False,0,,,,,,,,False,,,False,,,False,-,
control,Okhla control,2024-08-31,1725082862650,28.5575,77.2835,Sentinel-2A,25.7032341600625,5.77121288769434,0.266,False,0,,,,,,,,False,,,False,,,False,-,
control,Okhla control,2024-09-20,1726810864558,28.5575,77.2835,Sentinel-2A,31.2355063943319,5.83568095233254,0.55,False,145,,,,,,,,False,,,False,,,False,-,
control,Okhla control,2024-10-05,1728106864321,28.5575,77.2835,Sentinel-2B,36.0412779329118,5.85850426271818,0.289,False,0,,,,,,,,False,,,False,,,False,-,
control,Okhla control,2024-10-10,1728538860636,28.5575,77.2835,Sentinel-2A,37.704135340614,5.73435973516998,0.463,False,0,,,,,,,,False,,,False,,,False,-,
control,Okhla control,2024-10-15,1728970863196,28.5575,77.2835,Sentinel-2B,39.3594254825499,5.83153340026374,0.485,False,0,,,,,,,,False,,,False,,,False,-,
control,Okhla control,2024-10-20,1729402863490,28.5575,77.2835,Sentinel-2A,41.0043838409224,5.82518531340613,0.325,False,0,,,,,,,,False,,,False,,,False,-,
control,Okhla control,2024-10-25,1729834864291,28.5575,77.2835,Sentinel-2B,42.6209835239269,5.88271403706891,0.319,False,0,,,,,,,,False,,,False,,,False,-,
control,Okhla control,2024-10-30,1730266864025,28.5575,77.2835,Sentinel-2A,44.1950612059361,5.85956038689397,0.294,False,0,,,,,,,,False,,,False,,,False,-,
control,Okhla control,2024-11-04,1730698860339,28.5575,77.2835,Sentinel-2B,45.7123619849222,5.78784393119467,0.275,False,0,,,,,,,,False,,,False,,,False,-,
control,Okhla control,2024-11-09,1731130860892,28.5575,77.2835,Sentinel-2A,47.1474655138773,5.76186670201065,0.252,False,0,,,,,,,,False,,,False,,,False,-,
control,Okhla control,2024-11-19,1731994863252,28.5575,77.2835,Sentinel-2A,49.7227909064007,5.80779629731391,0.387,False,0,,,,,,,,False,,,False,,,False,-,
control,Okhla control,2024-11-24,1732426864567,28.5575,77.2835,Sentinel-2B,50.8368129287135,5.86966862157572,0.299,False,0,,,,,,,,False,,,False,,,False,-,
control,Okhla control,2024-11-29,1732858862194,28.5575,77.2835,Sentinel-2A,51.821550712467,5.76051739608829,0.297,False,0,,,,,,,,False,,,False,,,False,-,
control,Okhla control,2024-12-04,1733290863990,28.5575,77.2835,Sentinel-2B,52.6562108149024,5.82535177363519,0.276,False,0,,,,,,,,False,,,False,,,False,-,
control,Okhla control,2024-12-09,1733722864681,28.5575,77.2835,Sentinel-2A,53.3351105881039,5.8323123084407,0.327,False,0,,,,,,,,False,,,False,,,False,-,
control,Okhla control,2024-12-14,1734154864794,28.5575,77.2835,Sentinel-2B,53.848656639062,5.82375299518936,0.382,False,0,,,,,,,,False,,,False,,,False,-,
control,Okhla control,2024-12-19,1734586862539,28.5575,77.2835,Sentinel-2A,54.1927810951788,5.77729227500906,0.378,False,0,,,,,,,,False,,,False,,,False,-,
control,Okhla control,2024-12-29,1735450864495,28.5575,77.2835,Sentinel-2A,54.3391760273823,5.84186537760651,0.285,False,0,,,,,,,,False,,,False,,,False,-,
control,Okhla control,2025-01-13,1736746862824,28.5575,77.2835,Sentinel-2B,53.2067243365043,5.7720788726697,0.419,False,0,,,,,,,,False,,,False,,,False,-,
control,Okhla control,2025-01-23,1737610865067,28.5575,77.2835,Sentinel-2B,51.5768174707937,5.80288140638022,0.448,False,0,,,,,,,,False,,,False,,,False,-,
control,Okhla control,2025-01-28,1738042891272,28.5575,77.2835,Sentinel-2C,50.4820657027429,5.81842910190389,0.293,False,0,,,,,,,,False,,,False,,,False,-,
control,Okhla control,2025-02-02,1738474865957,28.5575,77.2835,Sentinel-2B,49.3208765389585,5.81913040395034,0.79,False,153,,,,,,,,False,,,False,,,False,-,
control,Okhla control,2025-02-07,1738906890210,28.5575,77.2835,Sentinel-2C,47.9434316455008,5.81640080069567,0.317,False,0,,,,,,,,False,,,False,,,False,-,
control,Okhla control,2025-02-22,1740202863981,28.5575,77.2835,Sentinel-2B,43.2915633184148,5.81375353098582,0.314,False,0,,,,,,,,False,,,False,,,False,-,
control,Okhla control,2025-03-04,1741066866685,28.5575,77.2835,Sentinel-2B,39.7517160123154,5.87243757856152,0.253,False,0,,,,,,,,False,,,False,,,False,-,
control,Okhla control,2025-03-09,1741498887224,28.5575,77.2835,Sentinel-2C,37.8626712973508,5.80126481582195,0.307,False,0,,,,,,,,False,,,False,,,False,-,
control,Okhla control,2025-03-14,1741930865218,28.5575,77.2835,Sentinel-2B,36.0309499504767,5.82872975110024,0.339,False,0,,,,,,,,False,,,False,,,False,-,
control,Okhla control,2025-03-19,1742362887134,28.5575,77.2835,Sentinel-2C,34.0973217680157,5.83827492181771,0.275,False,0,,,,,,,,False,,,False,,,False,-,
control,Okhla control,2025-03-24,1742794866496,28.5575,77.2835,Sentinel-2B,32.261287814952,5.86293668330893,0.338,False,0,,,,,,,,False,,,False,,,False,-,
control,Okhla control,2025-03-31,1743399673490,28.5575,77.2835,Sentinel-2A,29.6597756546653,5.74838208927861,0.357,False,0,,,,,,,,False,,,False,,,False,-,
control,Okhla control,2025-04-03,1743658862212,28.5575,77.2835,Sentinel-2B,28.6056649549392,5.75296637866316,0.271,False,0,,,,,,,,False,,,False,,,False,-,
control,Okhla control,2025-04-08,1744090886468,28.5575,77.2835,Sentinel-2C,26.7981036533986,5.84408883825964,0.416,False,0,,,,,,,,False,,,False,,,False,-,
control,Okhla control,2025-04-13,1744522866204,28.5575,77.2835,Sentinel-2B,25.1795820982763,5.85845328228999,0.367,False,0,,,,,,,,False,,,False,,,False,-,
control,Okhla control,2025-04-18,1744954884209,28.5575,77.2835,Sentinel-2C,23.5644490126876,5.80944133357151,0.223,False,0,,,,,,,,False,,,False,,,False,-,
control,Okhla control,2025-04-20,1745127676870,28.5575,77.2835,Sentinel-2A,22.9881275298591,5.87052220022566,0.299,False,0,,,,,,,,False,,,False,,,False,-,
control,Okhla control,2025-04-23,1745386864501,28.5575,77.2835,Sentinel-2B,22.1668708831212,5.83102180226687,0.385,False,0,,,,,,,,False,,,False,,,False,-,
control,Okhla control,2025-04-28,1745818885589,28.5575,77.2835,Sentinel-2C,20.7943235430211,5.87335105371049,0.456,False,0,,,,,,,,False,,,False,,,False,-,
control,Okhla control,2025-05-13,1747114864291,28.5575,77.2835,Sentinel-2B,17.8670837212108,5.87839272985576,0.442,False,0,,,,,,,,False,,,False,,,False,-,
control,Okhla control,2025-05-18,1747546880784,28.5575,77.2835,Sentinel-2C,17.1595025013794,5.77206429147198,0.29,False,0,,,,,,,,False,,,False,,,False,-,
control,Okhla control,2025-05-23,1747978864712,28.5575,77.2835,Sentinel-2B,16.7293072124985,5.85452548164054,0.358,False,0,,,,,,,,False,,,False,,,False,-,
control,Okhla control,2025-06-02,1748842864326,28.5575,77.2835,Sentinel-2B,16.2349217461372,5.82550600316405,0.328,False,0,,,,,,,,False,,,False,,,False,-,
control,Okhla control,2025-06-07,1749274883977,28.5575,77.2835,Sentinel-2C,16.1161800910093,5.83511268661792,0.329,False,0,,,,,,,,False,,,False,,,False,-,
control,Okhla control,2025-06-12,1749706861490,28.5575,77.2835,Sentinel-2B,16.2515387572656,5.72551137148683,0.466,False,0,,,,,,,,False,,,False,,,False,-,
control,Okhla control,2025-09-25,1758778878495,28.5575,77.2835,Sentinel-2C,32.6999813694311,5.81173473587395,0.333,False,0,,,,,,,,False,,,False,,,False,-,
control,Okhla control,2025-09-27,1758951679058,28.5575,77.2835,Sentinel-2A,33.336689076367,5.83580014348337,0.357,False,0,,,,,,,,False,,,False,,,False,-,
control,Okhla control,2025-10-10,1760074861883,28.5575,77.2835,Sentinel-2B,37.6239052110935,5.78379656666331,0.428,False,0,,,,,,,,False,,,False,,,False,-,
control,Okhla control,2025-10-15,1760506874678,28.5575,77.2835,Sentinel-2C,39.2660551694061,5.74351648016938,0.353,False,0,,,,,,,,False,,,False,,,False,-,
control,Okhla control,2025-10-17,1760679677498,28.5575,77.2835,Sentinel-2A,39.9243356268403,5.80029720276764,0.334,False,0,,,,,,,,False,,,False,,,False,-,
control,Okhla control,2025-10-20,1760938863667,28.5575,77.2835,Sentinel-2B,40.9292134764301,5.83457403226805,0.47,False,0,,,,,,,,False,,,False,,,False,-,
control,Okhla control,2025-10-25,1761370876244,28.5575,77.2835,Sentinel-2C,42.5346248886298,5.81529467795348,0.246,False,0,,,,,,,,False,,,False,,,False,-,
control,Okhla control,2025-11-06,1762407679687,28.5575,77.2835,Sentinel-2A,46.2069856371413,5.79059208885692,0.336,False,0,,,,,,,,False,,,False,,,False,-,
control,Okhla control,2025-11-09,1762666859446,28.5575,77.2835,Sentinel-2B,47.0820421950965,5.761627208803,0.274,False,0,,,,,,,,False,,,False,,,False,-,
control,Okhla control,2025-11-14,1763098872843,28.5575,77.2835,Sentinel-2C,48.4154881612013,5.80201119497044,0.254,False,0,,,,,,,,False,,,False,,,False,-,
control,Okhla control,2025-11-19,1763530858917,28.5575,77.2835,Sentinel-2B,49.6725861111645,5.77118478864463,0.39,False,0,,,,,,,,False,,,False,,,False,-,
control,Okhla control,2025-11-24,1763962873105,28.5575,77.2835,Sentinel-2C,50.7797312474332,5.85870089351845,0.229,False,0,,,,,,,,False,,,False,,,False,-,
control,Okhla control,2025-11-26,1764135680674,28.5575,77.2835,Sentinel-2A,51.1838109291934,5.79279819456555,0.316,False,0,,,,,,,,False,,,False,,,False,-,
control,Okhla control,2025-11-29,1764394856635,28.5575,77.2835,Sentinel-2B,51.7853106179217,5.7033739074725,0.231,False,0,,,,,,,,False,,,False,,,False,-,
control,Okhla control,2025-12-09,1765258860808,28.5575,77.2835,Sentinel-2B,53.3094360869993,5.80214514203314,0.285,False,0,,,,,,,,False,,,False,,,False,-,
control,Okhla control,2025-12-16,1765863678742,28.5575,77.2835,Sentinel-2A,53.9727671646669,5.71553320298063,0.446,False,0,,,,,,,,False,,,False,,,False,-,
control,Okhla control,2025-12-24,1766554871158,28.5575,77.2835,Sentinel-2C,54.3439623886742,5.86122953550901,0.406,False,0,,,,,,,,False,,,False,,,False,-,
control,Deonar control,2024-03-12,1710222817499,19.1167,72.9278,Sentinel-2B,30.7599445548317,4.9911870657956,0.297,False,0,,,,,,,,False,,,False,,,False,-,
control,Deonar control,2024-03-17,1710654821186,19.1167,72.9278,Sentinel-2A,29.068931423706,5.07274878659548,0.369,False,0,,,,,,,,False,,,False,,,False,-,
control,Deonar control,2024-03-22,1711086821112,19.1167,72.9278,Sentinel-2B,27.4124861841837,5.07411991066036,0.362,False,0,,,,,,,,False,,,False,,,False,-,
control,Deonar control,2024-03-27,1711518821388,19.1167,72.9278,Sentinel-2A,25.8020102848513,5.07360580252962,0.259,False,0,,,,,,,,False,,,False,,,False,-,
control,Deonar control,2024-04-06,1712382818832,19.1167,72.9278,Sentinel-2A,22.8306860951436,4.99758596459881,0.5,False,8,,,,,,,,False,,,False,,,False,-,
control,Deonar control,2024-04-11,1712814820967,19.1167,72.9278,Sentinel-2B,21.5028334490833,5.07151462317203,0.428,False,0,,,,,,,,False,,,False,,,False,-,
control,Deonar control,2024-04-16,1713246823641,19.1167,72.9278,Sentinel-2A,20.3155105101348,5.15121197516065,0.308,False,0,,,,,,,,False,,,False,,,False,-,
control,Deonar control,2024-04-26,1714110823010,19.1167,72.9278,Sentinel-2A,18.4677030578813,5.10797800417405,0.268,False,0,,,,,,,,False,,,False,,,False,-,
control,Deonar control,2024-05-01,1714542820888,19.1167,72.9278,Sentinel-2B,17.8300281212353,5.06994082721103,0.47,False,0,,,,,,,,False,,,False,,,False,-,
control,Deonar control,2024-05-06,1714974823513,19.1167,72.9278,Sentinel-2A,17.364767392094,5.07560856533591,0.333,False,0,,,,,,,,False,,,False,,,False,-,
control,Deonar control,2024-05-11,1715406821425,19.1167,72.9278,Sentinel-2B,17.0991440625595,5.0746081298526,0.483,False,0,,,,,,,,False,,,False,,,False,-,
control,Deonar control,2024-05-16,1715838823433,19.1167,72.9278,Sentinel-2A,16.9783222683747,5.07493046890893,0.638,False,99,,,,,,,,False,,,False,,,False,-,
control,Deonar control,2024-05-21,1716270820173,19.1167,72.9278,Sentinel-2B,17.013447664074,5.03393185312843,0.293,False,0,,,,,,,,False,,,False,,,False,-,
control,Deonar control,2024-05-31,1717134821296,19.1167,72.9278,Sentinel-2B,17.3451100285978,5.06760285254134,0.459,False,0,,,,,,,,False,,,False,,,False,-,
control,Deonar control,2024-09-18,1726638817218,19.1167,72.9278,Sentinel-2B,24.6037016781868,4.98893435216498,0.327,False,0,,,,,,,,False,,,False,,,False,-,
control,Deonar control,2024-10-13,1728798819462,19.1167,72.9278,Sentinel-2A,31.308669749348,4.99817706017186,0.308,False,0,,,,,,,,False,,,False,,,False,-,
control,Deonar control,2024-10-28,1730094821614,19.1167,72.9278,Sentinel-2B,35.7980252537353,5.15776597002067,0.282,False,0,,,,,,,,False,,,False,,,False,-,
control,Deonar control,2024-11-02,1730526820189,19.1167,72.9278,Sentinel-2A,37.2612405298777,5.06821023403575,0.442,False,0,,,,,,,,False,,,False,,,False,-,
control,Deonar control,2024-11-07,1730958814100,19.1167,72.9278,Sentinel-2B,38.6805672259185,4.92337874499572,0.427,False,0,,,,,,,,False,,,False,,,False,-,
control,Deonar control,2024-11-12,1731390819472,19.1167,72.9278,Sentinel-2A,40.0124255619742,5.05008564514234,0.302,False,0,,,,,,,,False,,,False,,,False,-,
control,Deonar control,2024-11-17,1731822818563,19.1167,72.9278,Sentinel-2B,41.2677039185725,5.06516212948237,0.26,False,0,,,,,,,,False,,,False,,,False,-,
control,Deonar control,2024-11-22,1732254820110,19.1167,72.9278,Sentinel-2A,42.4188915708365,5.05953865288248,0.297,False,0,,,,,,,,False,,,False,,,False,-,
control,Deonar control,2024-11-27,1732686822411,19.1167,72.9278,Sentinel-2B,43.4542602379466,5.18531535361383,0.396,False,0,,,,,,,,False,,,False,,,False,-,
control,Deonar control,2024-12-12,1733982821632,19.1167,72.9278,Sentinel-2A,45.7506143588608,5.07158977589194,0.146,False,0,,,,,,,,False,,,False,,,False,-,
control,Deonar control,2024-12-17,1734414821840,19.1167,72.9278,Sentinel-2B,46.2063412299062,5.06953093810313,0.213,False,0,,,,,,,,False,,,False,,,False,-,
control,Deonar control,2024-12-27,1735278822548,19.1167,72.9278,Sentinel-2B,46.6151004589296,5.07543346843471,0.254,False,0,,,,,,,,False,,,False,,,False,-,
control,Deonar control,2025-01-01,1735710821183,19.1167,72.9278,Sentinel-2A,46.5637416098747,5.0697779045266,0.242,False,0,,,,,,,,False,,,False,,,False,-,
control,Deonar control,2025-01-06,1736142821120,19.1167,72.9278,Sentinel-2B,46.3358502956027,5.06214929344184,0.227,False,0,,,,,,,,False,,,False,,,False,-,
control,Deonar control,2025-01-16,1737006819132,19.1167,72.9278,Sentinel-2B,45.368410670214,4.99695780744001,0.275,False,0,,,,,,,,False,,,False,,,False,-,
control,Deonar control,2025-01-21,1737438819660,19.1167,72.9278,Sentinel-2A,44.6350228736594,5.0420840579612,0.299,False,0,,,,,,,,False,,,False,,,False,-,
control,Deonar control,2025-01-26,1737870823147,19.1167,72.9278,Sentinel-2B,43.7407828285968,5.06967967784329,0.282,False,0,,,,,,,,False,,,False,,,False,-,
control,Deonar control,2025-01-31,1738302847857,19.1167,72.9278,Sentinel-2C,42.6559991029758,5.05535692310914,0.318,False,0,,,,,,,,False,,,False,,,False,-,
control,Deonar control,2025-02-05,1738734824474,19.1167,72.9278,Sentinel-2B,41.5410890550939,5.04410918828483,0.342,False,0,,,,,,,,False,,,False,,,False,-,
control,Deonar control,2025-02-10,1739166846829,19.1167,72.9278,Sentinel-2C,40.1961827420972,5.03885236698432,0.326,False,0,,,,,,,,False,,,False,,,False,-,
control,Deonar control,2025-02-15,1739598825273,19.1167,72.9278,Sentinel-2B,38.8464587117347,5.13825702380658,0.359,False,0,,,,,,,,False,,,False,,,False,-,
control,Deonar control,2025-02-20,1740030842439,19.1167,72.9278,Sentinel-2C,37.3144915036453,4.95310159144308,0.336,False,0,,,,,,,,False,,,False,,,False,-,
control,Deonar control,2025-03-07,1741326823848,19.1167,72.9278,Sentinel-2B,32.5060453034649,5.1309215907607,0.314,False,0,,,,,,,,False,,,False,,,False,-,
control,Deonar control,2025-03-12,1741758843670,19.1167,72.9278,Sentinel-2C,30.7673489234693,5.02363226836854,0.294,False,0,,,,,,,,False,,,False,,,False,-,
control,Deonar control,2025-03-14,1741931633367,19.1167,72.9278,Sentinel-2A,30.121330764108,5.02840860542803,0.339,False,0,,,,,,,,False,,,False,,,False,-,
control,Deonar control,2025-03-17,1742190823108,19.1167,72.9278,Sentinel-2B,29.1424241845163,5.08859936871325,0.288,False,0,,,,,,,,False,,,False,,,False,-,
control,Deonar control,2025-03-22,1742622843900,19.1167,72.9278,Sentinel-2C,27.4212367673751,5.08594615481228,0.258,False,0,,,,,,,,False,,,False,,,False,-,
control,Deonar control,2025-03-27,1743054823077,19.1167,72.9278,Sentinel-2B,25.8716110781844,5.07300750638408,0.282,False,0,,,,,,,,False,,,False,,,False,-,
control,Deonar control,2025-04-03,1743659632312,19.1167,72.9278,Sentinel-2A,23.7083221421877,5.0450126158271,0.305,False,0,,,,,,,,False,,,False,,,False,-,
control,Deonar control,2025-04-06,1743918821361,19.1167,72.9278,Sentinel-2B,22.8887684103984,5.05697954333826,0.308,False,0,,,,,,,,False,,,False,,,False,-,
control,Deonar control,2025-04-11,1744350843167,19.1167,72.9278,Sentinel-2C,21.4842794054973,5.10004803740984,0.279,False,0,,,,,,,,False,,,False,,,False,-,
control,Deonar control,2025-04-16,1744782823463,19.1167,72.9278,Sentinel-2B,20.3656730807346,5.13165376128198,0.322,False,0,,,,,,,,False,,,False,,,False,-,
control,Deonar control,2025-04-26,1745646821756,19.1167,72.9278,Sentinel-2B,18.505839301975,5.07775579166166,0.513,False,19,,,,,,,,False,,,False,,,False,-,
control,Deonar control,2025-05-01,1746078842591,19.1167,72.9278,Sentinel-2C,17.7724608266131,5.11526550599389,0.402,False,0,,,,,,,,False,,,False,,,False,-,
control,Deonar control,2025-05-11,1746942839315,19.1167,72.9278,Sentinel-2C,17.0349766209781,5.01142496262861,0.562,False,90,,,,,,,,False,,,False,,,False,-,
control,Deonar control,2025-05-13,1747115634719,19.1167,72.9278,Sentinel-2A,16.9854801622116,5.07309222706377,0.488,False,0,,,,,,,,False,,,False,,,False,-,
control,Deonar control,2025-06-10,1749534841021,19.1167,72.9278,Sentinel-2C,17.7911842021375,5.07661099904371,0.277,False,0,,,,,,,,False,,,False,,,False,-,
control,Deonar control,2025-10-13,1760334821568,19.1167,72.9278,Sentinel-2B,31.2374510755734,5.04571569444531,0.35,False,0,,,,,,,,False,,,False,,,False,-,
control,Deonar control,2025-10-18,1760766831844,19.1167,72.9278,Sentinel-2C,32.7133622411641,4.99574482682292,0.371,False,0,,,,,,,,False,,,False,,,False,-,
control,Deonar control,2025-10-20,1760939635789,19.1167,72.9278,Sentinel-2A,33.3093074915446,5.06887309133764,0.299,False,0,,,,,,,,False,,,False,,,False,-,
control,Deonar control,2025-10-23,1761198820828,19.1167,72.9278,Sentinel-2B,34.2401710870568,5.08804251220626,0.351,False,0,,,,,,,,False,,,False,,,False,-,
control,Deonar control,2025-11-07,1762494832773,19.1167,72.9278,Sentinel-2C,38.5861630958887,5.11189637537991,0.435,False,0,,,,,,,,False,,,False,,,False,-,
control,Deonar control,2025-11-09,1762667636239,19.1167,72.9278,Sentinel-2A,39.12735029174,4.99533647232647,0.729,False,127,,,,,,,,False,,,False,,,False,-,
control,Deonar control,2025-11-12,1762926817182,19.1167,72.9278,Sentinel-2B,39.9533896470602,5.03181605867696,0.671,False,85,,,,,,,,False,,,False,,,False,-,
control,Deonar control,2025-11-17,1763358830176,19.1167,72.9278,Sentinel-2C,41.1941814652328,5.05487293628633,0.22,False,0,,,,,,,,False,,,False,,,False,-,
control,Deonar control,2025-11-22,1763790815297,19.1167,72.9278,Sentinel-2B,42.3759921900724,5.00381690419215,0.3,False,0,,,,,,,,False,,,False,,,False,-,
control,Deonar control,2025-11-27,1764222830006,19.1167,72.9278,Sentinel-2C,43.3990610955583,5.11337762734945,0.16,False,0,,,,,,,,False,,,False,,,False,-,
control,Deonar control,2025-12-12,1765518818592,19.1167,72.9278,Sentinel-2B,45.7282329872263,5.07110752996886,0.302,False,0,,,,,,,,False,,,False,,,False,-,
control,Deonar control,2025-12-17,1765950828870,19.1167,72.9278,Sentinel-2C,46.1776153871748,5.10621778957281,0.296,False,0,,,,,,,,False,,,False,,,False,-,
control,Deonar control,2025-12-19,1766123637179,19.1167,72.9278,Sentinel-2A,46.3044930813023,4.99886544714465,0.305,False,0,,,,,,,,False,,,False,,,False,-,
control,Deonar control,2025-12-27,1766814828488,19.1167,72.9278,Sentinel-2C,46.6045040946941,5.1111027178776,0.236,False,0,,,,,,,,False,,,False,,,False,-,
control,Pirana control,2024-10-03,1727934765291,23.0212,72.5656,Sentinel-2A,31.6059648643569,4.74107015571077,0.42,False,0,,,,,,,,False,,,False,,,False,-,
control,Pirana control,2024-10-08,1728366763185,23.0212,72.5656,Sentinel-2B,33.1087007550055,4.75385273783016,0.44,False,0,,,,,,,,False,,,False,,,False,-,
control,Pirana control,2024-10-23,1729662763494,23.0212,72.5656,Sentinel-2A,37.7190379913201,4.7434343887234,0.316,False,0,,,,,,,,False,,,False,,,False,-,
control,Pirana control,2024-10-28,1730094764577,23.0212,72.5656,Sentinel-2B,39.2370803550194,4.69476809140788,0.375,False,0,,,,,,,,False,,,False,,,False,-,
control,Pirana control,2024-11-02,1730526763154,23.0212,72.5656,Sentinel-2A,40.720891135429,4.75805120967055,0.32,False,0,,,,,,,,False,,,False,,,False,-,
control,Pirana control,2024-11-07,1730958757051,23.0212,72.5656,Sentinel-2B,42.1548898825984,4.86104447561638,0.297,False,0,,,,,,,,False,,,False,,,False,-,
control,Pirana control,2024-11-12,1731390762434,23.0212,72.5656,Sentinel-2A,43.4980707293476,4.80155394915135,0.286,False,0,,,,,,,,False,,,False,,,False,-,
control,Pirana control,2024-11-17,1731822761523,23.0212,72.5656,Sentinel-2B,44.7602061564411,4.78406603577618,0.428,False,0,,,,,,,,False,,,False,,,False,-,
control,Pirana control,2024-11-22,1732254763075,23.0212,72.5656,Sentinel-2A,45.915138804902,4.80302085290505,0.469,False,0,,,,,,,,False,,,False,,,False,-,
control,Pirana control,2024-11-27,1732686765425,23.0212,72.5656,Sentinel-2B,46.9513039136516,4.69668063123766,0.405,False,0,,,,,,,,False,,,False,,,False,-,
control,Pirana control,2024-12-02,1733118763887,23.0212,72.5656,Sentinel-2A,47.8614061053761,4.77477989275085,0.155,False,0,,,,,,,,False,,,False,,,False,-,
control,Pirana control,2024-12-07,1733550764188,23.0212,72.5656,Sentinel-2B,48.6250971352413,4.76109972299023,0.298,False,0,,,,,,,,False,,,False,,,False,-,
control,Pirana control,2024-12-12,1733982764601,23.0212,72.5656,Sentinel-2A,49.2337580232696,4.75576799806071,0.295,False,0,,,,,,,,False,,,False,,,False,-,
control,Pirana control,2024-12-17,1734414764799,23.0212,72.5656,Sentinel-2B,49.6800625877166,4.7553875091867,0.197,False,0,,,,,,,,False,,,False,,,False,-,
control,Pirana control,2024-12-22,1734846763969,23.0212,72.5656,Sentinel-2A,49.9596265673586,4.76347443955407,0.308,False,0,,,,,,,,False,,,False,,,False,-,
control,Pirana control,2025-01-01,1735710764146,23.0212,72.5656,Sentinel-2A,49.9946164160175,4.74482722510392,0.502,False,11,,,,,,,,False,,,False,,,False,-,
control,Pirana control,2025-01-06,1736142764084,23.0212,72.5656,Sentinel-2B,49.7476016381139,4.789340694086,0.314,False,0,,,,,,,,False,,,False,,,False,-,
control,Pirana control,2025-01-11,1736574760440,23.0212,72.5656,Sentinel-2A,49.3311165071884,4.84662189079623,0.232,False,0,,,,,,,,False,,,False,,,False,-,
control,Pirana control,2025-01-16,1737006762090,23.0212,72.5656,Sentinel-2B,48.7345918397881,4.8109833291276,0.288,False,0,,,,,,,,False,,,False,,,False,-,
control,Pirana control,2025-01-21,1737438762623,23.0212,72.5656,Sentinel-2A,47.9748922349305,4.79879058780593,0.785,False,106,,,,,,,,False,,,False,,,False,-,
control,Pirana control,2025-01-26,1737870766111,23.0212,72.5656,Sentinel-2B,47.0520911739887,4.74720279401218,0.531,False,32,,,,,,,,False,,,False,,,False,-,
control,Pirana control,2025-01-31,1738302790822,23.0212,72.5656,Sentinel-2C,45.9389043660607,4.78209647086239,0.312,False,0,,,,,,,,False,,,False,,,False,-,
control,Pirana control,2025-02-05,1738734765506,23.0212,72.5656,Sentinel-2B,44.7863785400417,4.79505988607193,0.46,False,3,,,,,,,,False,,,False,,,False,-,
control,Pirana control,2025-02-10,1739166789801,23.0212,72.5656,Sentinel-2C,43.4077930862871,4.7872194453146,0.421,False,0,,,,,,,,False,,,False,,,False,-,
control,Pirana control,2025-02-15,1739598768233,23.0212,72.5656,Sentinel-2B,42.0144343744918,4.72023449482697,0.413,False,0,,,,,,,,False,,,False,,,False,-,
control,Pirana control,2025-03-02,1740894788250,23.0212,72.5656,Sentinel-2C,37.1391080995207,4.77721770480406,0.215,False,0,,,,,,,,False,,,False,,,False,-,
control,Pirana control,2025-03-07,1741326766806,23.0212,72.5656,Sentinel-2B,35.4670084553467,4.71808319203608,0.123,False,0,,,,,,,,False,,,False,,,False,-,
control,Pirana control,2025-03-12,1741758786641,23.0212,72.5656,Sentinel-2C,33.6654695868567,4.79522786721018,0.281,False,0,,,,,,,,False,,,False,,,False,-,
control,Pirana control,2025-03-14,1741931576337,23.0212,72.5656,Sentinel-2A,32.9879094604058,4.79338509958485,0.38,False,0,,,,,,,,False,,,False,,,False,-,
control,Pirana control,2025-03-17,1742190766070,23.0212,72.5656,Sentinel-2B,31.9596925442091,4.74184981731035,0.33,False,0,,,,,,,,False,,,False,,,False,-,
control,Pirana control,2025-03-22,1742622786873,23.0212,72.5656,Sentinel-2C,30.1566403606467,4.74843304432074,0.267,False,0,,,,,,,,False,,,False,,,False,-,
control,Pirana control,2025-03-27,1743054766038,23.0212,72.5656,Sentinel-2B,28.5011260954272,4.74320714105018,0.307,False,0,,,,,,,,False,,,False,,,False,-,
control,Pirana control,2025-04-01,1743486786542,23.0212,72.5656,Sentinel-2C,26.7831232552518,4.75524059415307,0.64,False,77,,,,,,,,False,,,False,,,False,-,
control,Pirana control,2025-04-03,1743659575275,23.0212,72.5656,Sentinel-2A,26.1728126512562,4.79229340097287,0.684,False,147,,,,,,,,False,,,False,,,False,-,
control,Pirana control,2025-04-06,1743918764318,23.0212,72.5656,Sentinel-2B,25.2669347561287,4.7940148247902,0.805,False,198,,,,,,,,False,,,False,,,False,-,
control,Pirana control,2025-04-11,1744350786138,23.0212,72.5656,Sentinel-2C,23.7141362746635,4.75440635038481,0.159,False,0,,,,,,,,False,,,False,,,False,-,
control,Pirana control,2025-04-16,1744782766424,23.0212,72.5656,Sentinel-2B,22.4116423983177,4.72345060431984,0.41,False,0,,,,,,,,False,,,False,,,False,-,
control,Pirana control,2025-04-21,1745214785329,23.0212,72.5656,Sentinel-2C,21.1230426348694,4.73960238190457,0.321,False,0,,,,,,,,False,,,False,,,False,-,
control,Pirana control,2025-04-23,1745387577844,23.0212,72.5656,Sentinel-2A,20.7015040315515,4.71346935392441,0.491,False,6,,,,,,,,False,,,False,,,False,-,
control,Pirana control,2025-04-26,1745646764714,23.0212,72.5656,Sentinel-2B,20.1269762497436,4.74496390191418,0.444,False,0,,,,,,,,False,,,False,,,False,-,
control,Pirana control,2025-05-01,1746078785562,23.0212,72.5656,Sentinel-2C,19.1581200218148,4.72101413118136,0.313,False,0,,,,,,,,False,,,False,,,False,-,
control,Pirana control,2025-05-16,1747374764048,23.0212,72.5656,Sentinel-2B,17.6142478541347,4.73980569422874,0.498,False,6,,,,,,,,False,,,False,,,False,-,
control,Pirana control,2025-05-21,1747806782083,23.0212,72.5656,Sentinel-2C,17.3359687864133,4.78764785198297,0.6,False,191,,,,,,,,False,,,False,,,False,-,
control,Pirana control,2025-06-10,1749534783286,23.0212,72.5656,Sentinel-2C,17.4703038434179,3.95832912913013,0.814,False,821,,,,,,,,False,,,False,,,False,-,
control,Pirana control,2025-10-13,1760334763008,23.0212,72.5656,Sentinel-2B,34.5655385456507,4.76656226977761,0.345,False,0,,,,,,,,False,,,False,,,False,-,
control,Pirana control,2025-10-18,1760766774811,23.0212,72.5656,Sentinel-2C,36.0889684336358,4.8584609593338,0.31,False,0,,,,,,,,False,,,False,,,False,-,
control,Pirana control,2025-10-23,1761198763782,23.0212,72.5656,Sentinel-2B,37.6500511460816,4.75021627967782,0.592,False,109,,,,,,,,False,,,False,,,False,-,
control,Pirana control,2025-11-07,1762494775741,23.0212,72.5656,Sentinel-2C,42.0616651330562,4.73378484362884,0.351,False,0,,,,,,,,False,,,False,,,False,-,
control,Pirana control,2025-11-09,1762667579206,23.0212,72.5656,Sentinel-2A,42.6080787615479,4.79873648616031,0.34,False,0,,,,,,,,False,,,False,,,False,-,
control,Pirana control,2025-11-12,1762926760148,23.0212,72.5656,Sentinel-2B,43.4383575787271,4.79145138809349,0.314,False,0,,,,,,,,False,,,False,,,False,-,
control,Pirana control,2025-11-17,1763358773148,23.0212,72.5656,Sentinel-2C,44.6873742430774,4.78221799583179,0.585,False,186,,,,,,,,False,,,False,,,False,-,
control,Pirana control,2025-11-22,1763790754823,23.0212,72.5656,Sentinel-2B,45.871620276288,4.90347297450959,0.237,False,0,,,,,,,,False,,,False,,,False,-,
control,Pirana control,2025-11-29,1764395580843,23.0212,72.5656,Sentinel-2A,47.2675580478702,4.79248355379438,0.261,False,0,,,,,,,,False,,,False,,,False,-,
control,Pirana control,2025-12-02,1764654758549,23.0212,72.5656,Sentinel-2B,47.8292732333744,4.82891584707167,0.284,False,0,,,,,,,,False,,,False,,,False,-,
control,Pirana control,2025-12-07,1765086770804,23.0212,72.5656,Sentinel-2C,48.5508465652505,3.93358445195464,0.311,False,0,,,,,,,,False,,,False,,,False,-,
control,Pirana control,2025-12-12,1765518761555,23.0212,72.5656,Sentinel-2B,49.2115539412583,4.76830099050396,0.275,False,0,,,,,,,,False,,,False,,,False,-,
control,Pirana control,2025-12-17,1765950771841,23.0212,72.5656,Sentinel-2C,49.6523983025027,4.73225269249898,0.464,False,0,,,,,,,,False,,,False,,,False,-,
control,Pirana control,2025-12-19,1766123580144,23.0212,72.5656,Sentinel-2A,49.7755731476315,4.84789873043772,0.468,False,0,,,,,,,,False,,,False,,,False,-,
control,Pirana control,2025-12-27,1766814771464,23.0212,72.5656,Sentinel-2C,50.0533481612961,4.72229194930533,0.223,False,0,,,,,,,,False,,,False,,,False,-,
